UnP_seq	PDB_seq	PDB_num	CIF_num	UnP_num	gap	hetatm	corrected	no_fullbb	no_ca
E	E	5	1	1	0	0	0	0	0
K	K	6	2	2	0	0	0	0	0
K	K	7	3	3	0	0	0	0	0
S	S	8	4	4	0	0	0	0	0
I	I	9	5	5	0	0	0	0	0
N	N	10	6	6	0	0	0	0	0
E	E	11	7	7	0	0	0	0	0
C	C	12	8	8	0	0	0	0	0
D	D	13	9	9	0	0	0	0	0
L	L	14	10	10	0	0	0	0	0
K	K	15	11	11	0	0	0	0	0
G	G	16	12	12	0	0	0	0	0
K	K	17	13	13	0	0	0	0	0
K	K	18	14	14	0	0	0	0	0
V	V	19	15	15	0	0	0	0	0
L	L	20	16	16	0	0	0	0	0
I	I	21	17	17	0	0	0	0	0
R	R	22	18	18	0	0	0	0	0
V	V	23	19	19	0	0	0	0	0
D	D	24	20	20	0	0	0	0	0
F	F	25	21	21	0	0	0	0	0
N	N	26	22	22	0	0	0	0	0
V	V	27	23	23	0	0	0	0	0
P	P	28	24	24	0	0	0	0	0
V	V	29	25	25	0	0	0	0	0
K	K	30	26	26	0	0	0	0	0
N	N	31	27	27	0	0	0	0	0
G	G	32	28	28	0	0	0	0	0
K	K	33	29	29	0	0	0	0	0
I	I	34	30	30	0	0	0	0	0
T	T	35	31	31	0	0	0	0	0
N	N	36	32	32	0	0	0	0	0
D	D	37	33	33	0	0	0	0	0
Y	Y	38	34	34	0	0	0	0	0
R	R	39	35	35	0	0	0	0	0
I	I	40	36	36	0	0	0	0	0
R	R	41	37	37	0	0	0	0	0
S	S	42	38	38	0	0	0	0	0
A	A	43	39	39	0	0	0	0	0
L	L	44	40	40	0	0	0	0	0
P	P	45	41	41	0	0	0	0	0
T	T	46	42	42	0	0	0	0	0
L	L	47	43	43	0	0	0	0	0
K	K	48	44	44	0	0	0	0	0
K	K	49	45	45	0	0	0	0	0
V	V	50	46	46	0	0	0	0	0
L	L	51	47	47	0	0	0	0	0
T	T	52	48	48	0	0	0	0	0
E	E	53	49	49	0	0	0	0	0
G	G	54	50	50	0	0	0	0	0
G	G	55	51	51	0	0	0	0	0
S	S	56	52	52	0	0	0	0	0
C	C	57	53	53	0	0	0	0	0
V	V	58	54	54	0	0	0	0	0
L	L	59	55	55	0	0	0	0	0
M	M	60	56	56	0	0	0	0	0
S	S	61	57	57	0	0	0	0	0
H	H	62	58	58	0	0	0	0	0
L	L	63	59	59	0	0	0	0	0
G	G	64	60	60	0	0	0	0	0
R	R	65	61	61	0	0	0	0	0
P	P	66	62	62	0	0	0	0	0
K	K	67	63	63	0	0	0	0	0
G	G	68	64	64	0	0	0	0	0
I	I	69	65	65	0	0	0	0	0
P	P	70	66	66	0	0	0	0	0
M	M	71	67	67	0	0	0	0	0
A	A	72	68	68	0	0	0	0	0
Q	Q	73	69	69	0	0	0	0	0
A	A	74	70	70	0	0	0	0	0
G	G	75	71	71	0	0	0	0	0
K	K	76	72	72	0	0	0	0	0
I	I	77	73	73	0	0	0	0	0
R	R	78	74	74	0	0	0	0	0
S	S	79	75	75	0	0	0	0	0
T	T	80	76	76	0	0	0	0	0
G	G	81	77	77	0	0	0	0	0
G	G	82	78	78	0	0	0	0	0
V	V	83	79	79	0	0	0	0	0
P	P	84	80	80	0	0	0	0	0
G	G	85	81	81	0	0	0	0	0
F	F	86	82	82	0	0	0	0	0
Q	Q	87	83	83	0	0	0	0	0
Q	Q	88	84	84	0	0	0	0	0
K	K	89	85	85	0	0	0	0	0
A	A	90	86	86	0	0	0	0	0
T	T	91	87	87	0	0	0	0	0
L	L	92	88	88	0	0	0	0	0
K	K	93	89	89	0	0	0	0	0
P	P	94	90	90	0	0	0	0	0
V	V	95	91	91	0	0	0	0	0
A	A	96	92	92	0	0	0	0	0
K	K	97	93	93	0	0	0	0	0
R	R	98	94	94	0	0	0	0	0
L	L	99	95	95	0	0	0	0	0
S	S	100	96	96	0	0	0	0	0
E	E	101	97	97	0	0	0	0	0
L	L	102	98	98	0	0	0	0	0
L	L	103	99	99	0	0	0	0	0
L	L	104	100	100	0	0	0	0	0
R	R	105	101	101	0	0	0	0	0
P	P	106	102	102	0	0	0	0	0
V	V	107	103	103	0	0	0	0	0
T	T	108	104	104	0	0	0	0	0
F	F	109	105	105	0	0	0	0	0
A	A	110	106	106	0	0	0	0	0
P	P	111	107	107	0	0	0	0	0
D	D	112	108	108	0	0	0	0	0
C	C	113	109	109	0	0	0	0	0
L	L	114	110	110	0	0	0	0	0
N	N	115	111	111	0	0	0	0	0
A	A	116	112	112	0	0	0	0	0
A	A	117	113	113	0	0	0	0	0
D	D	118	114	114	0	0	0	0	0
V	V	119	115	115	0	0	0	0	0
V	V	120	116	116	0	0	0	0	0
S	S	121	117	117	0	0	0	0	0
K	K	122	118	118	0	0	0	0	0
M	M	123	119	119	0	0	0	0	0
S	S	124	120	120	0	0	0	0	0
P	P	125	121	121	0	0	0	0	0
G	G	126	122	122	0	0	0	0	0
D	D	127	123	123	0	0	0	0	0
V	V	128	124	124	0	0	0	0	0
V	V	129	125	125	0	0	0	0	0
L	L	130	126	126	0	0	0	0	0
L	L	131	127	127	0	0	0	0	0
E	E	132	128	128	0	0	0	0	0
N	N	133	129	129	0	0	0	0	0
V	V	134	130	130	0	0	0	0	0
R	R	135	131	131	0	0	0	0	0
F	F	136	132	132	0	0	0	0	0
Y	Y	137	133	133	0	0	0	0	0
K	K	138	134	134	0	0	0	0	0
E	E	139	135	135	0	0	0	0	0
E	E	140	136	136	0	0	0	0	0
G	G	141	137	137	0	0	0	0	0
S	S	142	138	138	0	0	0	0	0
K	K	143	139	139	0	0	0	0	0
K	K	144	140	140	0	0	0	0	0
A	A	145	141	141	0	0	0	0	0
K	K	146	142	142	0	0	0	0	0
D	D	147	143	143	0	0	0	0	0
R	R	148	144	144	0	0	0	0	0
E	E	149	145	145	0	0	0	0	0
A	A	150	146	146	0	0	0	0	0
M	M	151	147	147	0	0	0	0	0
A	A	152	148	148	0	0	0	0	0
K	K	153	149	149	0	0	0	0	0
I	I	154	150	150	0	0	0	0	0
L	L	155	151	151	0	0	0	0	0
A	A	156	152	152	0	0	0	0	0
S	S	157	153	153	0	0	0	0	0
Y	Y	158	154	154	0	0	0	0	0
G	G	159	155	155	0	0	0	0	0
D	D	160	156	156	0	0	0	0	0
V	V	161	157	157	0	0	0	0	0
Y	Y	162	158	158	0	0	0	0	0
I	I	163	159	159	0	0	0	0	0
S	S	164	160	160	0	0	0	0	0
D	D	165	161	161	0	0	0	0	0
A	A	166	162	162	0	0	0	0	0
F	F	167	163	163	0	0	0	0	0
G	G	168	164	164	0	0	0	0	0
T	T	169	165	165	0	0	0	0	0
A	A	170	166	166	0	0	0	0	0
H	H	171	167	167	0	0	0	0	0
R	R	172	168	168	0	0	0	0	0
D	D	173	169	169	0	0	0	0	0
S	S	174	170	170	0	0	0	0	0
A	A	175	171	171	0	0	0	0	0
T	T	176	172	172	0	0	0	0	0
M	M	177	173	173	0	0	0	0	0
T	T	178	174	174	0	0	0	0	0
G	G	179	175	175	0	0	0	0	0
I	I	180	176	176	0	0	0	0	0
P	P	181	177	177	0	0	0	0	0
K	K	182	178	178	0	0	0	0	0
I	I	183	179	179	0	0	0	0	0
L	L	184	180	180	0	0	0	0	0
G	G	185	181	181	0	0	0	0	0
N	N	186	182	182	0	0	0	0	0
G	G	187	183	183	0	0	0	0	0
A	A	188	184	184	0	0	0	0	0
A	A	189	185	185	0	0	0	0	0
G	G	190	186	186	0	0	0	0	0
Y	Y	191	187	187	0	0	0	0	0
L	L	192	188	188	0	0	0	0	0
M	M	193	189	189	0	0	0	0	0
E	E	194	190	190	0	0	0	0	0
K	K	195	191	191	0	0	0	0	0
E	E	196	192	192	0	0	0	0	0
I	I	197	193	193	0	0	0	0	0
S	S	198	194	194	0	0	0	0	0
Y	Y	199	195	195	0	0	0	0	0
F	F	200	196	196	0	0	0	0	0
A	A	201	197	197	0	0	0	0	0
K	K	202	198	198	0	0	0	0	0
V	V	203	199	199	0	0	0	0	0
L	L	204	200	200	0	0	0	0	0
G	G	205	201	201	0	0	0	0	0
N	N	206	202	202	0	0	0	0	0
P	P	207	203	203	0	0	0	0	0
P	P	208	204	204	0	0	0	0	0
R	R	209	205	205	0	0	0	0	0
P	P	210	206	206	0	0	0	0	0
L	L	211	207	207	0	0	0	0	0
V	V	212	208	208	0	0	0	0	0
A	A	213	209	209	0	0	0	0	0
I	I	214	210	210	0	0	0	0	0
V	V	215	211	211	0	0	0	0	0
G	G	216	212	212	0	0	0	0	0
G	G	217	213	213	0	0	0	0	0
A	A	218	214	214	0	0	0	0	0
K	K	219	215	215	0	0	0	0	0
V	V	220	216	216	0	0	0	0	0
S	S	221	217	217	0	0	0	0	0
D	D	222	218	218	0	0	0	0	0
K	K	223	219	219	0	0	0	0	0
I	I	224	220	220	0	0	0	0	0
Q	Q	225	221	221	0	0	0	0	0
L	L	226	222	222	0	0	0	0	0
L	L	227	223	223	0	0	0	0	0
D	D	228	224	224	0	0	0	0	0
N	N	229	225	225	0	0	0	0	0
M	M	230	226	226	0	0	0	0	0
L	L	231	227	227	0	0	0	0	0
Q	Q	232	228	228	0	0	0	0	0
R	R	233	229	229	0	0	0	0	0
I	I	234	230	230	0	0	0	0	0
D	D	235	231	231	0	0	0	0	0
Y	Y	236	232	232	0	0	0	0	0
L	L	237	233	233	0	0	0	0	0
L	L	238	234	234	0	0	0	0	0
I	I	239	235	235	0	0	0	0	0
G	G	240	236	236	0	0	0	0	0
G	G	241	237	237	0	0	0	0	0
A	A	242	238	238	0	0	0	0	0
M	M	243	239	239	0	0	0	0	0
A	A	244	240	240	0	0	0	0	0
Y	Y	245	241	241	0	0	0	0	0
T	T	246	242	242	0	0	0	0	0
F	F	247	243	243	0	0	0	0	0
L	L	248	244	244	0	0	0	0	0
K	K	249	245	245	0	0	0	0	0
A	A	250	246	246	0	0	0	0	0
Q	Q	251	247	247	0	0	0	0	0
G	G	252	248	248	0	0	0	0	0
Y	Y	253	249	249	0	0	0	0	0
S	S	254	250	250	0	0	0	0	0
I	I	255	251	251	0	0	0	0	0
G	G	256	252	252	0	0	0	0	0
K	K	257	253	253	0	0	0	0	0
S	S	258	254	254	0	0	0	0	0
K	K	259	255	255	0	0	0	0	0
C	C	260	256	256	0	0	0	0	0
E	E	261	257	257	0	0	0	0	0
E	E	262	258	258	0	0	0	0	0
S	S	263	259	259	0	0	0	0	0
K	K	264	260	260	0	0	0	0	0
L	L	265	261	261	0	0	0	0	0
E	E	266	262	262	0	0	0	0	0
F	F	267	263	263	0	0	0	0	0
A	A	268	264	264	0	0	0	0	0
R	R	269	265	265	0	0	0	0	0
S	S	270	266	266	0	0	0	0	0
L	L	271	267	267	0	0	0	0	0
L	L	272	268	268	0	0	0	0	0
K	K	273	269	269	0	0	0	0	0
K	K	274	270	270	0	0	0	0	0
A	A	275	271	271	0	0	0	0	0
E	E	276	272	272	0	0	0	0	0
D	D	277	273	273	0	0	0	0	0
R	R	278	274	274	0	0	0	0	0
K	K	279	275	275	0	0	0	0	0
V	V	280	276	276	0	0	0	0	0
Q	Q	281	277	277	0	0	0	0	0
V	V	282	278	278	0	0	0	0	0
I	I	283	279	279	0	0	0	0	0
L	L	284	280	280	0	0	0	0	0
P	P	285	281	281	0	0	0	0	0
I	I	286	282	282	0	0	0	0	0
D	D	287	283	283	0	0	0	0	0
H	H	288	284	284	0	0	0	0	0
V	V	289	285	285	0	0	0	0	0
C	C	290	286	286	0	0	0	0	0
H	H	291	287	287	0	0	0	0	0
T	T	292	288	288	0	0	0	0	0
E	E	293	289	289	0	0	0	0	0
F	F	294	290	290	0	0	0	0	0
K	K	295	291	291	0	0	0	0	0
A	A	296	292	292	0	0	0	0	0
V	V	297	293	293	0	0	0	0	0
D	D	298	294	294	0	0	0	0	0
S	S	299	295	295	0	0	0	0	0
P	P	300	296	296	0	0	0	0	0
L	L	301	297	297	0	0	0	0	0
I	I	302	298	298	0	0	0	0	0
T	T	303	299	299	0	0	0	0	0
E	E	304	300	300	0	0	0	0	0
D	D	305	301	301	0	0	0	0	0
Q	Q	306	302	302	0	0	0	0	0
N	N	307	303	303	0	0	0	0	0
I	I	308	304	304	0	0	0	0	0
P	P	309	305	305	0	0	0	0	0
E	E	310	306	306	0	0	0	0	0
G	G	311	307	307	0	0	0	0	0
H	H	312	308	308	0	0	0	0	0
M	M	313	309	309	0	0	0	0	0
A	A	314	310	310	0	0	0	0	0
L	L	315	311	311	0	0	0	0	0
D	D	316	312	312	0	0	0	0	0
I	I	317	313	313	0	0	0	0	0
G	G	318	314	314	0	0	0	0	0
P	P	319	315	315	0	0	0	0	0
K	K	320	316	316	0	0	0	0	0
T	T	321	317	317	0	0	0	0	0
I	I	322	318	318	0	0	0	0	0
E	E	323	319	319	0	0	0	0	0
K	K	324	320	320	0	0	0	0	0
Y	Y	325	321	321	0	0	0	0	0
V	V	326	322	322	0	0	0	0	0
Q	Q	327	323	323	0	0	0	0	0
T	T	328	324	324	0	0	0	0	0
I	I	329	325	325	0	0	0	0	0
G	G	330	326	326	0	0	0	0	0
K	K	331	327	327	0	0	0	0	0
C	C	332	328	328	0	0	0	0	0
K	K	333	329	329	0	0	0	0	0
S	S	334	330	330	0	0	0	0	0
A	A	335	331	331	0	0	0	0	0
I	I	336	332	332	0	0	0	0	0
W	W	337	333	333	0	0	0	0	0
N	N	338	334	334	0	0	0	0	0
G	G	339	335	335	0	0	0	0	0
P	P	340	336	336	0	0	0	0	0
M	M	341	337	337	0	0	0	0	0
G	G	342	338	338	0	0	0	0	0
V	V	343	339	339	0	0	0	0	0
F	F	344	340	340	0	0	0	0	0
E	E	345	341	341	0	0	0	0	0
M	M	346	342	342	0	0	0	0	0
V	V	347	343	343	0	0	0	0	0
P	P	348	344	344	0	0	0	0	0
Y	Y	349	345	345	0	0	0	0	0
S	S	350	346	346	0	0	0	0	0
K	K	351	347	347	0	0	0	0	0
G	G	352	348	348	0	0	0	0	0
T	T	353	349	349	0	0	0	0	0
F	F	354	350	350	0	0	0	0	0
A	A	355	351	351	0	0	0	0	0
I	I	356	352	352	0	0	0	0	0
A	A	357	353	353	0	0	0	0	0
K	K	358	354	354	0	0	0	0	0
A	A	359	355	355	0	0	0	0	0
M	M	360	356	356	0	0	0	0	0
G	G	361	357	357	0	0	0	0	0
R	R	362	358	358	0	0	0	0	0
G	G	363	359	359	0	0	0	0	0
T	T	364	360	360	0	0	0	0	0
H	H	365	361	361	0	0	0	0	0
E	E	366	362	362	0	0	0	0	0
H	H	367	363	363	0	0	0	0	0
G	G	368	364	364	0	0	0	0	0
L	L	369	365	365	0	0	0	0	0
M	M	370	366	366	0	0	0	0	0
S	S	371	367	367	0	0	0	0	0
I	I	372	368	368	0	0	0	0	0
I	I	373	369	369	0	0	0	0	0
G	G	374	370	370	0	0	0	0	0
G	G	375	371	371	0	0	0	0	0
G	G	376	372	372	0	0	0	0	0
D	D	377	373	373	0	0	0	0	0
S	S	378	374	374	0	0	0	0	0
A	A	379	375	375	0	0	0	0	0
S	S	380	376	376	0	0	0	0	0
A	A	381	377	377	0	0	0	0	0
A	A	382	378	378	0	0	0	0	0
E	E	383	379	379	0	0	0	0	0
L	L	384	380	380	0	0	0	0	0
S	S	385	381	381	0	0	0	0	0
G	G	386	382	382	0	0	0	0	0
E	E	387	383	383	0	0	0	0	0
A	A	388	384	384	0	0	0	0	0
K	K	389	385	385	0	0	0	0	0
R	R	390	386	386	0	0	0	0	0
M	M	391	387	387	0	0	0	0	0
S	S	392	388	388	0	0	0	0	0
H	H	393	389	389	0	0	0	0	0
V	V	394	390	390	0	0	0	0	0
S	S	395	391	391	0	0	0	0	0
T	T	396	392	392	0	0	0	0	0
G	G	397	393	393	0	0	0	0	0
G	G	398	394	394	0	0	0	0	0
G	G	399	395	395	0	0	0	0	0
A	A	400	396	396	0	0	0	0	0
S	S	401	397	397	0	0	0	0	0
L	L	402	398	398	0	0	0	0	0
E	E	403	399	399	0	0	0	0	0
L	L	404	400	400	0	0	0	0	0
L	L	405	401	401	0	0	0	0	0
E	E	406	402	402	0	0	0	0	0
G	G	407	403	403	0	0	0	0	0
K	K	408	404	404	0	0	0	0	0
T	T	409	405	405	0	0	0	0	0
L	L	410	406	406	0	0	0	0	0
P	P	411	407	407	0	0	0	0	0
G	G	412	408	408	0	0	0	0	0
V	V	413	409	409	0	0	0	0	0
T	T	414	410	410	0	0	0	0	0
V	V	415	411	411	0	0	0	0	0
L	L	416	412	412	0	0	0	0	0
D	D	417	413	413	0	0	0	0	0
D	D	418	414	414	0	0	0	0	0
K	K	419	415	415	0	0	0	0	0
