time	RMSD_R1	RMSD_R2	RMSD_R3
0.0	0.0	0.0	0.0
0.1	1.18	1.87	1.88
0.2	2.07	2.06	2.42
0.3	1.65	2.11	2.74
0.4	1.34	2.17	2.63
0.5	1.49	2.72	2.28
0.6	1.35	1.99	2.3
0.7	1.69	3.24	2.67
0.8	2.06	2.72	2.59
0.9	1.75	2.45	2.38
1.0	1.87	2.35	2.4
1.1	2.29	3.08	2.27
1.2	2.95	2.69	2.3
1.3	1.81	2.72	2.28
1.4	2.1	3.1	2.16
1.5	1.79	2.85	2.58
1.6	1.75	2.26	2.33
1.7	2.43	2.74	2.33
1.8	1.9	2.64	2.11
1.9	2.68	2.47	2.52
2.0	3.23	2.47	2.52
2.1	2.64	2.51	3.04
2.2	2.11	2.51	2.99
2.3	2.19	2.09	3.17
2.4	2.17	2.48	3.61
2.5	2.42	2.59	3.58
2.6	2.49	2.17	2.63
2.7	2.24	2.45	3.06
2.8	2.06	2.46	3.08
2.9	1.82	2.84	3.41
3.0	2.84	2.86	2.9
3.1	2.82	2.43	4.08
3.2	2.54	2.2	3.41
3.3	3.14	2.6	4.12
3.4	2.63	2.47	3.58
3.5	2.09	2.33	3.49
3.6	1.86	2.83	3.8
3.7	2.72	3.48	3.56
3.8	2.64	3.09	3.43
3.9	2.37	2.73	3.43
4.0	2.31	2.25	3.87
4.1	1.6	2.53	3.87
4.2	2.04	2.36	3.59
4.3	2.33	2.91	3.04
4.4	2.44	2.19	3.55
4.5	2.38	2.92	3.26
4.6	2.3	2.15	2.83
4.7	2.06	2.31	3.78
4.8	2.46	2.25	3.99
4.9	2.72	2.32	3.48
5.0	3.16	2.02	3.88
5.1	2.56	2.61	4.08
5.2	2.52	2.06	3.85
5.3	2.97	2.09	3.72
5.4	2.4	2.82	3.12
5.5	2.18	2.84	3.32
5.6	2.66	3.01	3.64
5.7	1.96	3.11	3.59
5.8	2.73	3.3	3.75
5.9	2.57	3.11	4.0
6.0	2.56	3.26	3.84
6.1	2.09	3.26	3.58
6.2	1.62	3.2	2.67
6.3	2.09	3.62	3.05
6.4	2.49	3.49	2.89
6.5	2.82	3.14	2.37
6.6	2.58	3.47	2.62
6.7	2.65	2.94	2.55
6.8	3.11	2.96	2.61
6.9	2.57	3.41	2.91
7.0	2.59	2.81	2.47
7.1	2.68	3.09	2.35
7.2	3.17	2.89	2.38
7.3	3.04	2.94	2.6
7.4	3.71	2.93	2.72
7.5	3.43	2.88	2.19
7.6	3.36	2.83	2.18
7.7	2.46	2.96	2.34
7.8	3.01	3.02	3.0
7.9	2.13	2.87	1.81
8.0	2.65	2.91	2.48
8.1	2.32	3.07	2.65
8.2	2.9	2.98	2.62
8.3	2.64	2.34	3.25
8.4	2.51	2.22	2.63
8.5	2.34	2.77	2.84
8.6	2.61	2.51	2.28
8.7	2.63	3.04	2.36
8.8	2.47	3.35	2.71
8.9	2.68	2.97	2.52
9.0	2.77	2.77	2.37
9.1	2.6	3.33	2.43
9.2	2.18	3.38	2.84
9.3	2.29	3.69	2.77
9.4	1.81	3.9	2.35
9.5	2.21	3.81	2.04
9.6	2.66	3.03	2.29
9.7	2.53	2.54	2.15
9.8	3.23	2.49	2.12
9.9	2.85	3.35	1.98
10.0	2.88	2.15	2.39
10.1	3.23	2.0	2.56
10.2	2.83	2.39	2.06
10.3	2.93	2.14	1.92
10.4	2.73	2.44	1.95
10.5	2.55	1.87	2.05
10.6	2.63	2.48	2.43
10.7	2.22	2.49	2.52
10.8	2.77	2.48	2.52
10.9	3.16	2.4	2.18
11.0	2.45	3.0	2.36
11.1	2.68	2.87	2.28
11.2	2.8	2.61	2.25
11.3	2.76	3.16	2.31
11.4	3.14	3.29	2.59
11.5	2.92	1.88	2.79
11.6	3.05	2.91	2.38
11.7	2.17	2.36	2.72
11.8	2.71	2.29	2.74
11.9	3.12	2.89	2.93
12.0	2.56	3.04	3.03
12.1	2.6	3.26	2.81
12.2	2.56	2.85	2.92
12.3	2.4	2.79	2.63
12.4	3.19	2.45	2.28
12.5	2.63	1.98	2.23
12.6	2.62	2.18	2.05
12.7	2.67	2.59	1.92
12.8	2.52	3.03	2.34
12.9	2.59	2.62	2.36
13.0	2.34	2.02	2.66
13.1	2.95	2.54	2.48
13.2	2.7	2.86	2.51
13.3	2.35	2.9	2.78
13.4	2.67	2.36	2.76
13.5	2.71	2.99	2.4
13.6	2.6	2.89	2.83
13.7	2.77	2.84	2.67
13.8	3.35	3.07	2.44
13.9	3.4	3.28	2.41
14.0	2.83	2.48	2.49
14.1	2.71	2.49	2.68
14.2	2.89	2.48	2.13
14.3	2.66	2.48	2.48
14.4	2.66	3.28	2.49
14.5	3.34	3.38	3.04
14.6	3.11	2.68	2.45
14.7	3.31	2.95	2.81
14.8	2.82	2.58	2.93
14.9	2.77	2.63	2.87
15.0	2.67	2.85	2.99
15.1	2.91	2.82	2.79
15.2	2.88	3.15	2.48
15.3	2.6	3.22	2.73
15.4	3.21	2.67	3.1
15.5	2.87	2.84	3.02
15.6	2.77	2.77	2.44
15.7	3.23	2.83	3.0
15.8	2.97	2.91	3.01
15.9	2.57	2.52	3.4
16.0	2.88	2.51	3.15
16.1	2.74	2.54	2.84
16.2	2.29	2.46	2.56
16.3	2.33	2.84	3.17
16.4	3.02	2.67	3.02
16.5	3.03	3.08	2.63
16.6	3.15	2.83	3.48
16.7	2.88	2.37	2.73
16.8	2.79	1.92	2.55
16.9	3.22	2.17	2.31
17.0	3.14	2.08	2.23
17.1	2.81	2.31	2.36
17.2	2.67	2.27	2.62
17.3	2.88	2.65	2.45
17.4	3.32	2.16	2.56
17.5	2.57	2.76	2.31
17.6	2.7	2.58	2.47
17.7	3.02	2.1	2.57
17.8	2.68	2.09	2.41
17.9	3.03	2.37	2.44
18.0	2.18	2.72	2.46
18.1	3.27	2.51	2.27
18.2	3.34	2.46	2.94
18.3	2.94	3.05	2.43
18.4	3.52	2.68	2.86
18.5	2.93	2.53	2.72
18.6	3.12	2.71	3.12
18.7	2.83	2.44	2.69
18.8	3.29	2.88	2.19
18.9	2.93	3.11	2.23
19.0	3.19	2.35	2.56
19.1	2.38	2.61	2.33
19.2	2.3	3.23	2.22
19.3	2.56	3.21	2.86
19.4	3.03	2.96	2.86
19.5	2.82	2.32	2.7
19.6	2.26	2.57	2.55
19.7	2.8	2.55	2.13
19.8	2.87	2.17	2.2
19.9	3.02	2.89	2.83
20.0	3.86	2.81	2.24
20.1	3.17	2.71	2.58
20.2	2.93	2.71	2.67
20.3	2.88	2.63	2.57
20.4	2.68	2.67	2.68
20.5	3.52	3.17	2.93
20.6	3.86	3.05	2.92
20.7	3.1	3.05	2.8
20.8	2.7	2.39	3.03
20.9	3.17	2.54	3.21
21.0	3.27	2.68	2.83
21.1	2.93	2.65	2.49
21.2	2.88	2.61	3.03
21.3	2.87	2.81	2.68
21.4	3.51	2.95	2.27
21.5	2.84	3.0	2.95
21.6	3.04	3.36	2.49
21.7	3.06	3.14	2.76
21.8	3.28	2.84	2.87
21.9	3.24	3.15	2.12
22.0	3.04	3.16	2.72
22.1	3.41	3.33	2.45
22.2	3.48	3.19	1.91
22.3	3.66	3.33	2.35
22.4	3.07	3.49	2.39
22.5	2.58	2.9	2.05
22.6	3.01	3.65	2.25
22.7	3.18	3.57	1.74
22.8	3.39	3.62	2.05
22.9	3.13	2.97	2.86
23.0	3.46	3.09	2.52
23.1	3.58	3.14	2.67
23.2	3.31	3.76	2.55
23.3	3.53	3.18	2.39
23.4	3.26	2.72	2.3
23.5	3.02	3.37	2.38
23.6	3.31	3.13	2.06
23.7	3.22	2.87	2.15
23.8	3.15	3.08	2.65
23.9	3.26	3.14	2.64
24.0	3.34	3.05	2.45
24.1	2.46	2.98	2.38
24.2	3.02	3.8	2.47
24.3	3.07	3.79	2.28
24.4	2.98	3.19	2.19
24.5	2.66	3.5	2.19
24.6	2.57	3.61	2.4
24.7	3.08	2.35	2.11
24.8	2.8	2.62	2.24
24.9	2.86	2.35	2.24
25.0	2.83	2.46	2.15
25.1	2.91	2.58	2.38
25.2	3.45	2.98	2.36
25.3	2.67	2.79	2.59
25.4	2.86	2.27	1.98
25.5	3.24	2.21	2.35
25.6	2.72	2.15	1.85
25.7	3.07	2.26	2.24
25.8	2.74	2.29	1.95
25.9	2.78	2.51	2.36
26.0	3.43	2.48	2.33
26.1	2.81	2.85	2.57
26.2	3.0	2.65	1.87
26.3	2.73	2.78	2.55
26.4	3.01	2.41	2.17
26.5	3.79	2.51	2.08
26.6	3.35	2.17	2.3
26.7	3.04	2.68	2.08
26.8	2.89	2.7	2.19
26.9	2.54	2.12	2.25
27.0	2.89	2.63	2.05
27.1	2.55	2.44	2.21
27.2	2.52	2.33	2.57
27.3	2.89	2.85	2.38
27.4	3.07	2.24	2.28
27.5	2.6	2.37	2.47
27.6	2.86	2.15	2.33
27.7	2.03	2.33	2.02
27.8	2.43	2.36	2.31
27.9	2.28	2.02	2.37
28.0	2.29	2.42	1.85
28.1	2.54	2.71	2.08
28.2	2.89	1.95	1.93
28.3	2.77	2.19	1.76
28.4	2.97	2.22	2.56
28.5	2.85	2.75	2.07
28.6	2.97	2.71	2.11
28.7	2.98	2.43	2.21
28.8	2.76	2.67	2.06
28.9	2.73	2.11	2.74
29.0	2.47	2.37	2.3
29.1	2.59	2.31	2.3
29.2	2.46	2.32	2.27
29.3	3.33	2.02	1.87
29.4	2.61	2.67	2.55
29.5	2.46	2.8	2.24
29.6	3.42	2.3	2.54
29.7	3.0	2.44	2.04
29.8	3.37	1.68	2.23
29.9	2.45	2.2	1.71
30.0	2.83	1.74	1.91
30.1	2.83	2.02	1.84
30.2	3.25	2.39	1.45
30.3	3.39	2.3	2.1
30.4	2.88	2.82	1.88
30.5	2.58	2.33	2.06
30.6	2.91	2.73	1.93
30.7	3.0	2.78	1.98
30.8	3.15	2.75	2.45
30.9	3.1	2.55	2.12
31.0	2.77	2.32	2.36
31.1	2.65	2.25	2.48
31.2	2.87	2.48	2.06
31.3	2.82	2.11	2.04
31.4	2.9	2.34	2.14
31.5	2.94	2.28	2.36
31.6	2.4	2.06	2.2
31.7	2.44	2.33	2.18
31.8	2.72	2.35	2.13
31.9	2.43	2.05	2.28
32.0	3.03	2.06	2.1
32.1	2.58	1.92	1.91
32.2	2.98	2.24	2.17
32.3	3.13	1.77	2.25
32.4	3.1	2.08	2.22
32.5	2.53	2.12	1.85
32.6	3.09	2.01	2.55
32.7	2.63	1.89	1.99
32.8	2.92	1.98	2.05
32.9	2.93	1.73	2.4
33.0	3.11	1.78	1.81
33.1	2.88	2.01	1.65
33.2	2.96	1.96	1.92
33.3	3.33	1.91	1.89
33.4	3.05	2.14	1.89
33.5	3.01	1.93	1.79
33.6	2.4	2.36	2.22
33.7	2.73	2.55	2.36
33.8	2.52	2.22	2.13
33.9	2.9	2.49	2.25
34.0	3.27	2.24	2.28
34.1	2.89	2.2	2.12
34.2	2.69	2.01	1.86
34.3	3.12	2.19	2.11
34.4	2.8	2.18	2.18
34.5	2.98	2.51	1.81
34.6	2.87	2.17	1.97
34.7	3.01	2.3	2.1
34.8	2.59	2.09	2.49
34.9	2.51	2.62	2.43
35.0	2.51	2.3	2.07
35.1	2.46	2.62	1.91
35.2	2.75	2.92	1.9
35.3	2.82	2.57	1.86
35.4	2.83	2.72	2.4
35.5	3.06	2.98	2.04
35.6	3.16	3.11	2.27
35.7	2.39	2.24	2.05
35.8	2.96	2.14	2.56
35.9	3.39	2.64	2.23
36.0	3.39	2.55	2.21
36.1	2.97	2.49	1.91
36.2	3.21	2.34	2.05
36.3	2.78	2.33	1.88
36.4	2.92	2.13	2.02
36.5	3.04	2.01	1.72
36.6	3.28	2.39	1.86
36.7	3.09	2.63	2.04
36.8	3.26	2.32	1.96
36.9	3.06	2.41	2.29
37.0	3.02	2.65	2.36
37.1	3.12	2.41	1.96
37.2	2.63	2.6	2.47
37.3	2.96	2.5	2.44
37.4	2.72	2.35	2.14
37.5	2.93	2.63	2.46
37.6	3.09	2.02	2.33
37.7	2.52	2.34	1.85
37.8	2.68	2.49	2.44
37.9	2.81	2.19	2.15
38.0	2.68	2.77	2.21
38.1	2.5	2.61	2.35
38.2	2.49	2.33	2.28
38.3	2.13	2.41	2.28
38.4	2.6	2.35	2.11
38.5	2.88	2.31	2.16
38.6	2.99	2.09	2.09
38.7	2.7	2.58	1.93
38.8	2.59	2.51	2.26
38.9	2.65	2.36	2.1
39.0	2.41	2.14	2.44
39.1	2.55	2.48	2.1
39.2	3.09	2.28	2.35
39.3	2.46	2.19	2.42
39.4	2.58	2.43	2.17
39.5	2.56	2.65	2.22
39.6	3.2	2.47	2.5
39.7	2.53	2.52	2.78
39.8	2.64	2.56	2.54
39.9	2.81	2.37	2.49
40.0	2.45	2.49	2.42
40.1	2.3	2.47	2.88
40.2	2.79	2.02	2.05
40.3	2.4	2.38	2.51
40.4	2.42	2.65	2.29
40.5	2.3	2.54	2.26
40.6	2.22	2.44	1.93
40.7	3.05	2.66	2.04
40.8	2.38	2.53	2.3
40.9	2.14	2.37	1.96
41.0	2.3	2.37	2.77
41.1	2.26	2.36	1.98
41.2	2.58	2.46	1.97
41.3	2.58	2.27	1.63
41.4	2.88	2.38	1.92
41.5	2.95	2.24	1.82
41.6	2.8	2.44	2.46
41.7	2.49	2.22	2.1
41.8	3.01	2.79	2.03
41.9	3.05	2.49	2.36
42.0	2.73	2.85	2.13
42.1	2.95	2.74	2.22
42.2	2.55	2.5	1.81
42.3	2.3	2.49	2.33
42.4	2.02	2.32	2.51
42.5	1.82	2.73	2.45
42.6	2.51	2.43	2.66
42.7	2.78	2.87	2.93
42.8	2.56	2.39	2.55
42.9	2.49	2.56	2.34
43.0	2.32	2.42	2.18
43.1	2.39	2.31	2.11
43.2	3.01	1.88	2.59
43.3	2.48	2.21	2.33
43.4	2.29	2.23	2.51
43.5	1.86	2.16	2.17
43.6	2.22	2.48	2.0
43.7	2.1	2.11	1.8
43.8	2.66	2.04	2.41
43.9	2.47	2.09	1.93
44.0	2.59	2.07	2.42
44.1	2.72	2.38	2.13
44.2	2.95	2.38	2.48
44.3	2.54	2.15	2.54
44.4	3.09	1.95	2.0
44.5	2.35	2.02	2.23
44.6	2.51	2.14	2.52
44.7	2.48	2.37	2.29
44.8	2.85	2.43	2.53
44.9	2.74	2.36	2.87
45.0	2.76	2.36	2.56
45.1	2.74	2.3	2.26
45.2	2.88	2.35	2.84
45.3	2.85	2.17	2.36
45.4	2.78	2.47	2.17
45.5	2.29	2.31	2.86
45.6	2.37	2.22	2.15
45.7	2.31	2.76	2.68
45.8	2.93	2.64	2.27
45.9	2.58	2.28	1.91
46.0	3.08	2.68	1.79
46.1	2.87	2.91	1.9
46.2	2.41	2.87	2.34
46.3	2.86	2.17	2.15
46.4	2.73	2.6	2.18
46.5	3.01	2.36	2.34
46.6	2.58	1.98	1.73
46.7	2.17	2.18	1.97
46.8	2.19	2.08	2.39
46.9	1.98	2.05	2.2
47.0	3.02	2.31	2.32
47.1	2.79	2.35	2.17
47.2	3.23	2.19	2.15
47.3	3.14	2.3	2.65
47.4	2.66	2.32	2.5
47.5	2.39	2.76	2.0
47.6	2.68	2.18	2.61
47.7	3.05	2.24	2.12
47.8	3.02	2.02	2.35
47.9	2.8	2.33	2.36
48.0	2.61	2.1	1.89
48.1	2.56	2.1	1.8
48.2	2.27	2.44	2.21
48.3	2.76	2.24	2.04
48.4	2.49	2.12	2.14
48.5	2.27	1.99	2.15
48.6	2.08	2.0	2.24
48.7	2.56	2.3	1.84
48.8	2.51	2.12	2.67
48.9	2.93	2.4	2.41
49.0	3.18	2.11	2.54
49.1	3.25	2.52	2.47
49.2	2.9	2.57	2.55
49.3	2.52	2.35	2.51
49.4	2.6	2.21	2.63
49.5	2.72	2.34	2.0
49.6	2.62	2.59	2.62
49.7	2.29	2.67	2.35
49.8	2.59	3.04	2.37
49.9	2.66	2.66	3.03
50.0	2.44	2.81	2.26
50.1	2.7	2.47	2.49
50.2	3.02	2.22	2.53
50.3	2.67	2.42	2.73
50.4	2.8	2.45	2.61
50.5	2.84	2.55	2.74
50.6	2.4	2.19	2.25
50.7	2.69	2.68	2.91
50.8	2.66	2.27	2.67
50.9	2.91	2.39	2.69
51.0	3.16	2.17	2.74
51.1	3.3	2.39	3.06
51.2	3.27	2.26	2.85
51.3	2.84	2.59	2.26
51.4	2.74	1.86	2.35
51.5	2.85	2.24	2.99
51.6	2.81	2.21	2.37
51.7	2.77	2.08	2.53
51.8	2.86	2.26	1.81
51.9	2.79	2.2	2.38
52.0	3.03	2.16	2.17
52.1	2.6	2.16	2.3
52.2	3.15	2.22	2.47
52.3	3.01	2.9	2.29
52.4	2.44	2.68	2.31
52.5	3.05	2.34	2.2
52.6	2.98	2.5	2.32
52.7	2.55	1.9	2.75
52.8	2.92	2.18	2.3
52.9	3.34	2.17	2.78
53.0	3.07	2.49	2.47
53.1	3.27	2.27	2.6
53.2	2.36	2.11	2.92
53.3	2.67	2.57	2.82
53.4	2.58	2.7	3.11
53.5	2.7	2.47	2.99
53.6	3.07	2.29	3.02
53.7	2.41	2.43	2.67
53.8	2.91	2.29	2.81
53.9	3.26	2.32	2.54
54.0	2.22	2.73	2.53
54.1	3.06	2.47	2.36
54.2	3.03	2.37	2.2
54.3	2.73	2.3	2.39
54.4	3.24	2.8	2.64
54.5	2.78	2.8	3.01
54.6	2.95	2.21	2.82
54.7	3.04	2.13	2.44
54.8	3.12	2.4	2.06
54.9	2.9	2.08	2.31
55.0	3.0	2.12	2.45
55.1	2.46	2.64	2.63
55.2	2.96	2.13	2.65
55.3	2.49	2.1	2.96
55.4	2.88	2.66	3.09
55.5	2.98	2.21	2.74
55.6	3.11	2.29	3.05
55.7	2.86	2.53	2.78
55.8	2.86	2.43	2.64
55.9	2.94	2.31	3.37
56.0	2.35	2.17	2.78
56.1	3.6	2.49	2.85
56.2	3.03	2.12	2.74
56.3	2.73	2.58	2.73
56.4	3.22	2.25	3.04
56.5	2.7	2.03	2.57
56.6	2.97	2.59	2.47
56.7	2.93	2.53	2.26
56.8	2.89	1.98	2.03
56.9	2.99	2.12	2.52
57.0	3.28	2.34	2.6
57.1	2.97	2.15	2.67
57.2	2.93	2.16	2.47
57.3	2.72	1.96	2.14
57.4	3.27	2.25	2.43
57.5	2.83	2.31	2.29
57.6	3.18	2.18	2.25
57.7	2.92	2.27	2.19
57.8	2.68	2.66	2.27
57.9	2.8	2.52	2.54
58.0	2.63	2.51	2.56
58.1	2.86	3.02	2.28
58.2	3.29	2.29	2.08
58.3	3.06	2.5	2.34
58.4	2.82	2.75	1.92
58.5	2.96	2.97	2.08
58.6	2.83	2.63	2.0
58.7	2.81	2.6	2.38
58.8	2.8	2.56	2.23
58.9	2.63	2.77	2.17
59.0	2.13	2.26	1.97
59.1	2.58	2.68	2.03
59.2	2.51	2.45	2.79
59.3	2.59	2.59	2.35
59.4	2.55	2.12	2.21
59.5	2.75	2.25	2.23
59.6	2.77	2.2	2.33
59.7	2.71	2.1	2.47
59.8	3.02	2.34	2.98
59.9	3.43	2.98	2.67
60.0	2.46	2.82	2.82
60.1	2.55	2.72	3.08
60.2	2.74	2.64	2.71
60.3	2.09	2.56	2.14
60.4	2.79	2.72	2.2
60.5	2.67	2.14	2.13
60.6	2.22	2.71	2.52
60.7	2.51	3.1	2.45
60.8	2.61	2.3	2.47
60.9	2.36	2.59	2.14
61.0	2.6	2.21	2.5
61.1	2.49	2.2	2.36
61.2	3.27	2.62	2.74
61.3	2.96	2.61	2.26
61.4	2.81	2.38	2.24
61.5	2.68	2.8	2.44
61.6	2.49	2.55	2.32
61.7	2.37	2.44	1.87
61.8	2.54	2.14	2.32
61.9	2.42	2.75	2.24
62.0	3.01	2.52	2.42
62.1	2.79	2.28	2.12
62.2	2.55	2.28	2.32
62.3	2.77	2.18	2.44
62.4	2.42	2.64	2.18
62.5	2.54	2.42	2.17
62.6	2.93	2.11	2.17
62.7	2.93	2.61	1.85
62.8	2.89	2.55	2.13
62.9	2.81	2.1	1.78
63.0	2.35	2.54	2.07
63.1	2.54	1.93	2.25
63.2	2.54	2.1	2.24
63.3	2.66	2.29	2.0
63.4	2.87	2.43	2.38
63.5	2.25	2.26	1.91
63.6	2.25	1.95	2.29
63.7	2.62	2.18	2.3
63.8	3.08	1.96	2.57
63.9	3.22	2.88	2.55
64.0	2.84	2.48	2.16
64.1	2.85	2.94	2.02
64.2	3.21	2.6	2.36
64.3	2.86	2.4	2.04
64.4	2.98	2.64	2.03
64.5	2.74	2.7	2.2
64.6	2.23	2.47	2.47
64.7	2.24	2.31	2.03
64.8	2.51	1.96	1.85
64.9	2.61	2.26	1.93
65.0	2.37	2.4	1.76
65.1	2.11	1.9	1.77
65.2	2.17	2.76	1.88
65.3	2.43	1.98	2.08
65.4	2.79	2.34	1.83
65.5	2.32	2.38	1.83
65.6	2.72	2.2	2.15
65.7	2.44	1.56	2.5
65.8	2.32	1.95	1.93
65.9	2.66	2.1	2.24
66.0	2.71	2.08	2.2
66.1	2.71	2.28	2.32
66.2	2.33	2.22	2.18
66.3	2.91	2.34	2.41
66.4	2.85	2.09	2.31
66.5	2.71	2.4	2.43
66.6	2.75	2.5	2.13
66.7	2.69	2.72	1.92
66.8	2.45	2.86	2.01
66.9	3.13	2.07	2.28
67.0	2.62	2.55	1.86
67.1	2.37	2.47	2.31
67.2	2.21	2.17	1.93
67.3	2.71	2.64	2.04
67.4	2.6	2.48	1.88
67.5	2.58	2.52	2.08
67.6	2.41	2.29	1.89
67.7	2.66	2.14	1.9
67.8	2.59	2.51	1.62
67.9	2.54	2.54	2.23
68.0	2.79	2.14	1.73
68.1	2.39	2.25	2.09
68.2	2.37	2.25	2.1
68.3	2.37	2.23	2.36
68.4	2.26	2.37	1.5
68.5	2.58	2.15	1.67
68.6	2.56	2.25	1.72
68.7	2.22	2.18	1.75
68.8	1.96	2.05	1.46
68.9	2.19	2.34	1.48
69.0	2.25	2.45	1.58
69.1	2.36	2.19	1.65
69.2	2.62	2.39	1.35
69.3	2.02	2.17	1.56
69.4	2.23	2.12	1.6
69.5	2.27	2.6	1.49
69.6	2.26	2.37	1.86
69.7	2.06	2.2	1.44
69.8	1.97	2.46	1.31
69.9	1.88	2.34	1.35
70.0	2.13	1.93	1.84
70.1	2.09	2.0	1.76
70.2	2.25	2.09	2.2
70.3	2.63	2.32	2.38
70.4	2.46	2.68	2.54
70.5	2.79	2.77	1.98
70.6	2.53	2.38	2.27
70.7	2.58	2.31	1.98
70.8	2.84	2.2	2.04
70.9	3.07	2.61	1.94
71.0	3.0	2.36	2.11
71.1	3.11	2.34	2.06
71.2	2.63	3.23	2.24
71.3	2.92	3.03	2.35
71.4	2.8	2.71	2.03
71.5	2.49	2.47	2.03
71.6	2.79	2.49	2.02
71.7	3.0	2.88	2.03
71.8	2.88	2.12	2.19
71.9	3.07	2.82	1.78
72.0	3.45	2.62	2.3
72.1	2.99	2.4	1.82
72.2	2.89	2.79	2.23
72.3	2.89	2.59	2.81
72.4	2.62	2.17	3.09
72.5	2.54	2.19	3.38
72.6	2.84	2.43	3.81
72.7	2.2	2.57	2.92
72.8	2.61	2.01	3.33
72.9	2.26	2.04	3.74
73.0	2.43	2.01	3.73
73.1	2.44	2.15	3.64
73.2	2.6	2.29	3.37
73.3	2.47	1.71	3.26
73.4	2.49	2.08	2.9
73.5	3.0	2.13	2.17
73.6	2.44	2.08	1.98
73.7	2.63	1.69	2.47
73.8	2.82	2.02	2.04
73.9	3.09	1.9	2.31
74.0	2.85	2.1	2.71
74.1	3.18	2.06	2.05
74.2	3.63	2.44	2.12
74.3	3.21	1.97	2.3
74.4	2.37	2.61	2.27
74.5	3.04	2.38	2.3
74.6	3.25	1.91	2.53
74.7	2.79	2.54	2.03
74.8	2.51	2.27	2.15
74.9	2.63	2.09	2.4
75.0	3.06	2.48	2.31
75.1	3.03	2.35	2.23
75.2	2.8	2.15	1.98
75.3	2.73	2.22	2.22
75.4	2.97	1.91	2.12
75.5	2.66	2.3	2.23
75.6	2.64	2.38	2.24
75.7	2.73	1.89	1.67
75.8	2.81	1.93	1.71
75.9	2.58	2.32	2.01
76.0	2.68	2.19	1.83
76.1	2.49	2.14	1.84
76.2	3.09	2.54	2.29
76.3	2.9	2.36	2.25
76.4	3.17	1.95	2.23
76.5	2.99	2.45	2.46
76.6	2.83	1.91	2.78
76.7	2.44	1.71	3.11
76.8	2.96	2.03	2.61
76.9	2.54	1.98	2.35
77.0	3.08	2.0	2.49
77.1	3.14	1.98	2.41
77.2	2.63	1.73	2.12
77.3	2.49	2.16	2.25
77.4	2.58	2.39	2.41
77.5	2.36	2.49	2.25
77.6	2.31	2.2	2.18
77.7	2.38	2.2	2.09
77.8	2.27	2.2	2.59
77.9	2.36	2.16	2.17
78.0	2.5	2.21	2.33
78.1	2.09	2.03	1.95
78.2	2.21	2.3	1.85
78.3	2.0	2.28	2.06
78.4	2.72	2.21	2.12
78.5	2.37	2.0	2.36
78.6	2.52	2.02	2.3
78.7	2.4	1.83	2.49
78.8	2.21	2.27	2.14
78.9	2.55	2.16	2.1
79.0	2.76	2.16	2.31
79.1	2.78	2.47	2.1
79.2	3.11	2.08	2.06
79.3	3.35	2.06	2.08
79.4	2.95	2.0	2.74
79.5	3.15	2.81	2.84
79.6	2.57	1.99	2.65
79.7	2.81	1.75	2.33
79.8	3.12	1.61	2.56
79.9	3.13	2.17	2.51
80.0	2.53	2.15	2.88
80.1	2.57	1.85	2.71
80.2	2.45	2.11	2.85
80.3	2.6	1.66	2.17
80.4	2.81	2.12	2.48
80.5	2.56	2.32	2.14
80.6	2.51	2.74	2.35
80.7	2.43	1.79	2.19
80.8	2.25	2.09	2.48
80.9	2.79	2.27	2.51
81.0	2.23	1.88	2.53
81.1	2.23	1.92	2.78
81.2	2.51	2.42	2.78
81.3	2.21	2.47	2.69
81.4	2.25	2.6	1.94
81.5	2.32	1.92	2.38
81.6	1.84	2.48	2.02
81.7	2.47	2.05	2.33
81.8	2.83	2.22	2.83
81.9	2.58	2.07	2.7
82.0	2.63	1.98	2.48
82.1	2.25	1.82	1.98
82.2	2.44	2.5	2.04
82.3	2.42	2.2	2.4
82.4	2.22	2.21	2.28
82.5	2.29	1.99	2.24
82.6	2.3	2.57	2.61
82.7	2.33	2.35	2.49
82.8	2.7	2.49	1.88
82.9	2.22	2.56	2.17
83.0	2.35	2.94	2.33
83.1	1.91	2.17	2.02
83.2	2.19	2.41	2.42
83.3	2.14	2.5	2.14
83.4	2.39	2.61	2.53
83.5	2.26	2.75	1.96
83.6	2.52	2.7	2.05
83.7	2.78	2.37	2.14
83.8	2.25	2.45	1.98
83.9	2.44	2.12	2.17
84.0	2.74	2.0	2.46
84.1	2.79	2.12	2.19
84.2	2.89	2.43	2.12
84.3	2.94	2.76	2.53
84.4	2.55	2.53	2.62
84.5	2.51	2.21	2.28
84.6	2.63	2.53	2.25
84.7	1.9	2.74	2.34
84.8	2.39	2.75	2.4
84.9	2.57	2.42	2.08
85.0	2.49	2.68	1.86
85.1	2.59	2.94	1.88
85.2	2.6	2.57	2.02
85.3	2.35	2.64	2.4
85.4	2.4	2.57	2.15
85.5	2.44	2.56	1.8
85.6	2.03	2.2	2.22
85.7	2.36	2.15	1.93
85.8	2.58	2.42	2.0
85.9	2.34	2.36	2.1
86.0	2.62	2.24	1.89
86.1	2.95	2.81	2.36
86.2	2.47	2.76	1.93
86.3	2.58	2.28	1.63
86.4	2.96	2.84	1.78
86.5	2.76	2.43	2.05
86.6	2.99	2.5	2.08
86.7	2.75	2.25	2.01
86.8	2.38	2.4	2.68
86.9	2.65	2.5	2.48
87.0	2.23	2.38	2.14
87.1	2.31	2.73	2.39
87.2	2.08	2.21	2.07
87.3	2.32	2.06	2.25
87.4	2.05	2.51	1.89
87.5	2.25	2.64	2.18
87.6	2.76	2.62	2.54
87.7	2.53	2.63	2.43
87.8	2.07	2.55	2.39
87.9	2.74	1.93	2.48
88.0	2.35	2.28	1.99
88.1	2.17	2.61	2.5
88.2	2.62	2.22	2.0
88.3	3.05	2.12	2.04
88.4	2.64	2.45	1.96
88.5	2.33	2.42	2.17
88.6	2.26	2.43	1.94
88.7	1.99	2.47	2.48
88.8	2.4	2.62	2.57
88.9	2.27	2.49	2.36
89.0	2.25	2.28	2.61
89.1	2.65	2.51	2.19
89.2	2.58	2.05	2.24
89.3	2.44	2.36	2.22
89.4	2.65	2.27	2.17
89.5	2.54	2.47	2.15
89.6	2.35	2.31	2.77
89.7	2.23	2.38	2.44
89.8	2.34	2.28	2.28
89.9	3.0	2.19	1.91
90.0	2.88	2.64	2.51
90.1	2.41	2.02	2.19
90.2	2.22	1.95	1.95
90.3	2.36	2.43	2.08
90.4	2.54	2.62	2.25
90.5	2.69	2.4	2.19
90.6	2.68	2.13	2.82
90.7	2.68	2.56	2.4
90.8	2.54	2.45	2.9
90.9	2.39	2.25	2.47
91.0	2.41	2.39	2.38
91.1	2.34	2.64	2.82
91.2	2.57	2.87	2.43
91.3	2.47	2.52	2.77
91.4	3.01	2.11	2.35
91.5	2.48	2.25	2.26
91.6	2.17	2.57	2.23
91.7	2.18	2.35	2.13
91.8	2.44	2.21	2.03
91.9	2.29	2.56	2.26
92.0	3.03	2.37	1.97
92.1	2.24	2.35	2.02
92.2	2.39	3.14	2.58
92.3	2.54	2.95	1.85
92.4	2.65	2.79	2.04
92.5	2.19	3.52	2.03
92.6	2.29	3.07	2.1
92.7	2.32	2.83	2.14
92.8	2.76	2.78	2.6
92.9	2.55	2.9	1.84
93.0	1.98	2.56	2.24
93.1	2.21	2.0	2.21
93.2	2.31	2.52	2.0
93.3	2.23	2.52	1.78
93.4	2.27	2.71	1.83
93.5	2.75	2.6	2.45
93.6	2.22	2.47	2.44
93.7	2.24	2.31	2.52
93.8	1.85	2.94	2.41
93.9	2.28	2.94	2.58
94.0	2.28	2.75	2.23
94.1	2.28	2.62	2.36
94.2	2.17	2.52	2.57
94.3	2.29	2.84	2.24
94.4	2.42	2.53	2.85
94.5	2.31	2.44	2.32
94.6	2.61	2.59	2.13
94.7	2.25	2.59	1.86
94.8	2.46	2.86	2.1
94.9	2.41	2.54	1.82
95.0	2.54	3.0	2.02
95.1	2.09	2.27	2.08
95.2	2.69	2.17	1.99
95.3	2.58	2.54	2.65
95.4	2.74	2.94	2.58
95.5	2.76	2.52	3.04
95.6	2.83	2.64	3.02
95.7	2.65	2.36	3.09
95.8	2.19	2.27	2.16
95.9	2.6	3.06	2.22
96.0	2.65	2.45	2.18
96.1	2.18	2.33	2.23
96.2	2.81	2.6	2.38
96.3	2.31	2.41	2.41
96.4	2.32	2.37	2.33
96.5	2.18	2.4	2.55
96.6	2.21	2.46	1.82
96.7	2.59	2.45	2.03
96.8	2.65	2.25	2.52
96.9	2.51	2.58	2.43
97.0	2.84	2.37	2.4
97.1	2.4	2.73	1.73
97.2	2.61	3.07	1.99
97.3	2.13	2.73	2.04
97.4	2.34	2.38	2.02
97.5	2.04	2.53	2.04
97.6	2.23	2.81	2.32
97.7	2.34	3.08	2.45
97.8	2.74	2.6	2.21
97.9	2.89	2.6	2.17
98.0	2.65	2.38	2.7
98.1	2.63	2.84	2.69
98.2	2.5	2.59	2.35
98.3	2.67	2.41	2.08
98.4	2.81	2.41	2.14
98.5	2.97	2.05	2.71
98.6	2.44	2.47	2.59
98.7	2.82	2.17	2.58
98.8	2.65	2.07	2.18
98.9	2.51	2.63	2.08
99.0	2.31	2.24	2.26
99.1	2.61	2.53	2.3
99.2	2.45	2.75	2.9
99.3	2.4	2.54	2.51
99.4	2.85	2.34	2.21
99.5	2.63	2.33	2.29
99.6	2.35	2.94	2.31
99.7	2.65	2.64	2.43
99.8	2.44	2.18	2.77
99.9	2.42	2.55	2.45
100.0	2.65	2.43	2.95
