seq	Neq_R1	Neq_R2	Neq_R3
E	1.0	1.0	1.0
K	1.0	1.0	1.0
K	1.448	1.604	1.066
S	1.0	1.0	1.0
I	1.0	1.0	1.774
N	1.0	1.0	1.735
E	2.262	4.273	2.098
C	1.045	2.714	1.762
D	1.468	2.809	1.615
L	1.037	2.773	1.043
K	1.026	1.066	1.025
G	1.478	1.01	1.587
K	1.0	1.0	1.0
K	1.018	1.086	1.035
V	1.0	1.0	1.001
L	1.001	1.0	1.0
I	1.001	1.004	1.003
R	1.0	1.003	1.009
V	1.0	1.001	1.0
D	1.185	1.021	1.012
F	1.767	1.635	1.87
N	1.955	2.044	2.041
V	1.023	1.0	1.0
P	1.655	1.615	1.726
V	1.0	1.0	1.0
K	2.003	1.968	1.932
N	1.052	1.01	1.021
G	1.038	1.002	1.005
K	1.033	1.0	1.0
I	1.894	1.045	1.069
T	1.744	1.008	1.008
N	2.867	2.056	2.046
D	1.32	1.205	1.205
Y	1.001	1.001	1.0
R	1.0	1.0	1.0
I	1.0	1.0	1.0
R	1.001	1.0	1.0
S	1.001	1.0	1.0
A	1.0	1.0	1.0
L	1.0	1.0	1.0
P	1.0	1.0	1.0
T	1.0	1.0	1.0
L	1.0	1.0	1.0
K	1.0	1.0	1.0
K	1.0	1.0	1.0
V	1.0	1.0	1.0
L	1.0	1.0	1.0
T	1.0	1.0	1.0
E	1.0	1.002	1.0
G	1.0	1.0	1.0
G	1.0	1.001	1.0
S	1.177	1.054	1.097
C	1.0	1.0	1.0
V	1.0	1.0	1.0
L	1.0	1.0	1.0
M	1.0	1.0	1.0
S	1.0	1.0	1.0
H	1.0	1.0	1.0
L	2.033	2.016	2.013
G	1.0	1.0	1.0
R	2.979	2.908	2.979
P	1.85	1.791	1.786
K	1.053	1.054	1.045
G	1.587	1.564	1.453
I	1.403	1.378	1.392
P	1.0	1.0	1.0
M	1.0	1.0	1.0
A	1.0	1.0	1.0
Q	1.0	1.001	1.0
A	1.0	1.0	1.0
G	1.0	1.002	1.0
K	1.0	1.0	1.0
I	1.0	1.0	1.0
R	1.0	1.0	1.0
S	1.004	1.001	1.002
T	1.429	1.709	1.608
G	1.023	1.022	1.021
G	1.495	1.763	1.665
V	1.107	1.102	1.097
P	1.0	1.0	1.0
G	1.0	1.0	1.0
F	1.0	1.0	1.0
Q	1.001	1.0	1.001
Q	1.0	1.0	1.0
K	1.0	1.001	1.0
A	2.328	2.461	2.434
T	1.617	1.364	1.391
L	1.0	1.0	1.0
K	1.0	1.0	1.0
P	1.0	1.0	1.0
V	1.0	1.0	1.0
A	1.0	1.0	1.0
K	1.0	1.0	1.0
R	1.0	1.0	1.0
L	1.0	1.0	1.0
S	1.0	1.0	1.0
E	1.0	1.0	1.0
L	1.0	1.0	1.0
L	1.0	1.0	1.0
L	1.0	1.0	1.0
R	1.0	1.0	1.0
P	1.042	1.033	1.02
V	1.0	1.0	1.0
T	1.001	1.003	1.002
F	1.0	1.0	1.0
A	1.577	1.969	1.965
P	1.559	2.0	1.998
D	2.264	2.265	2.256
C	1.033	1.046	1.048
L	1.045	1.021	1.026
N	1.328	1.187	1.203
A	1.373	1.293	1.287
A	1.978	1.828	1.794
D	1.0	1.0	1.0
V	1.0	1.0	1.0
V	1.0	1.0	1.0
S	1.0	1.001	1.0
K	2.614	2.698	2.474
M	1.379	1.23	1.337
S	2.013	1.914	1.989
P	1.0	1.0	1.0
G	1.0	1.0	1.0
D	1.0	1.0	1.0
V	1.069	1.045	1.082
V	1.0	1.0	1.0
L	1.0	1.0	1.0
L	1.108	1.079	1.084
E	1.0	1.001	1.001
N	1.0	1.0	1.0
V	1.0	1.0	1.0
R	1.0	1.0	1.0
F	1.071	1.076	1.055
Y	1.9	1.946	1.898
K	1.055	1.048	1.049
E	1.0	1.0	1.0
E	1.0	1.0	1.0
G	3.44	3.739	3.623
S	2.261	2.304	2.339
K	1.15	1.14	1.053
K	1.98	1.999	1.999
A	1.236	1.36	1.298
K	1.0	1.0	1.0
D	1.0	1.0	1.0
R	1.0	1.0	1.0
E	1.0	1.0	1.0
A	1.0	1.0	1.0
M	1.0	1.0	1.0
A	1.0	1.0	1.0
K	1.0	1.0	1.0
I	1.0	1.0	1.0
L	1.0	1.0	1.0
A	1.0	1.0	1.0
S	1.98	2.0	1.981
Y	3.343	3.572	3.489
G	3.22	3.145	3.121
D	1.18	1.192	1.117
V	1.015	1.009	1.008
Y	1.0	1.0	1.0
I	1.0	1.0	1.0
S	1.669	1.97	1.901
D	1.743	2.06	1.945
A	1.934	1.88	1.672
F	1.654	1.68	1.414
G	1.027	1.026	1.043
T	1.0	1.0	1.002
A	1.006	1.012	1.035
H	2.549	2.759	2.621
R	1.915	1.732	1.668
D	1.0	1.002	1.031
S	1.0	1.0	1.029
A	1.0	1.0	1.026
T	1.0	1.0	1.0
M	1.0	1.001	1.0
T	1.0	1.0	1.0
G	1.0	1.0	1.0
I	1.0	1.0	1.0
P	1.0	1.0	1.0
K	1.0	1.0	1.0
I	1.0	1.0	1.0
L	1.0	1.0	1.0
G	1.0	1.001	1.0
N	1.0	1.0	1.0
G	1.042	1.118	1.046
A	1.0	1.0	1.0
A	1.004	1.0	1.002
G	1.004	1.0	1.002
Y	1.004	1.0	1.002
L	1.007	1.0	1.004
M	1.0	1.0	1.0
E	1.0	1.0	1.0
K	1.0	1.0	1.0
E	1.0	1.0	1.0
I	1.0	1.0	1.0
S	1.0	1.0	1.0
Y	1.0	1.0	1.0
F	1.0	1.0	1.0
A	1.0	1.0	1.0
K	1.0	1.0	1.0
V	1.001	1.129	1.06
L	1.269	1.185	1.216
G	2.507	2.501	2.317
N	1.806	1.897	1.761
P	2.218	2.004	2.187
P	1.155	1.094	1.12
R	1.0	1.0	1.0
P	1.0	1.0	1.0
L	1.0	1.0	1.0
V	1.0	1.0	1.0
A	1.0	1.0	1.0
I	1.0	1.0	1.0
V	1.174	1.09	1.04
G	1.018	1.453	1.359
G	1.208	1.106	1.05
A	1.088	1.934	1.776
K	1.828	1.902	1.949
V	1.265	2.004	1.72
S	1.0	1.045	1.039
D	1.0	1.0	1.0
K	1.0	1.0	1.002
I	1.0	1.0	1.0
Q	1.0	1.0	1.0
L	1.0	1.0	1.0
L	1.0	1.0	1.0
D	1.0	1.0	1.0
N	1.0	1.001	1.0
M	1.0	1.0	1.0
L	1.0	1.0	1.0
Q	1.0	1.0	1.0
R	2.271	2.822	2.924
I	1.221	1.498	1.316
D	1.045	1.033	1.045
Y	1.016	1.021	1.021
L	1.0	1.0	1.0
L	1.0	1.0	1.0
I	1.0	1.001	1.0
G	1.575	2.005	1.8
G	1.0	1.001	1.0
A	1.363	1.629	1.51
M	1.173	1.124	1.115
A	1.0	1.0	1.0
Y	1.0	1.0	1.0
T	1.0	1.0	1.0
F	1.0	1.0	1.0
L	1.0	1.0	1.0
K	1.0	1.0	1.0
A	1.0	1.0	1.0
Q	1.001	1.0	1.004
G	1.0	1.0	1.0
Y	1.001	1.002	1.0
S	1.326	1.272	1.276
I	2.359	2.121	2.212
G	1.002	1.0	1.0
K	1.04	1.079	1.084
S	1.65	1.946	2.171
K	1.001	1.001	1.001
C	1.0	1.001	1.0
E	1.0	1.001	1.0
E	1.0	1.0	1.0
S	1.0	1.0	1.0
K	1.0	1.0	1.0
L	1.0	1.0	1.0
E	1.0	1.0	1.0
F	1.0	1.0	1.0
A	1.0	1.0	1.0
R	1.0	1.0	1.0
S	1.0	1.0	1.0
L	1.0	1.0	1.0
L	1.0	1.0	1.0
K	1.0	1.0	1.0
K	1.0	1.0	1.0
A	1.0	1.0	1.0
E	1.0	1.0	1.0
D	1.0	1.0	1.0
R	1.0	1.0	1.0
K	1.0	1.0	1.0
V	1.0	1.0	1.0
Q	1.181	1.125	1.151
V	1.0	1.0	1.0
I	1.001	1.006	1.009
L	1.0	1.0	1.0
P	1.002	1.0	1.0
I	1.0	1.0	1.0
D	1.015	1.074	1.046
H	1.0	1.0	1.0
V	1.0	1.0	1.0
C	1.0	1.0	1.0
H	1.0	1.0	1.0
T	1.0	1.0	1.0
E	1.568	1.65	1.563
F	1.268	1.301	1.256
K	1.187	1.073	1.146
A	1.815	1.656	1.736
V	1.09	1.039	1.241
D	1.187	1.039	1.248
S	2.195	1.043	1.303
P	1.09	1.055	1.262
L	1.113	1.566	1.542
I	1.0	1.0	1.0
T	1.0	1.156	1.952
E	1.0	1.069	1.523
D	1.508	1.02	1.235
Q	2.044	1.006	1.006
N	1.225	2.026	1.769
I	1.0	1.0	1.0
P	1.573	1.677	1.068
E	1.573	1.679	1.066
G	1.697	2.448	1.07
H	1.573	1.677	1.066
M	1.0	1.001	1.003
A	1.0	1.0	1.0
L	1.0	1.0	1.0
D	1.0	1.001	1.0
I	1.0	1.0	1.0
G	1.0	1.0	1.0
P	1.0	1.0	1.0
K	1.0	1.0	1.0
T	1.0	1.0	1.0
I	1.0	1.0	1.0
E	1.0	1.0	1.0
K	1.0	1.0	1.0
Y	1.0	1.0	1.0
V	1.0	1.0	1.0
Q	1.0	1.0	1.0
T	1.0	1.0	1.0
I	1.0	1.0	1.0
G	1.001	1.0	1.0
K	1.479	1.573	1.48
C	2.066	2.125	2.087
K	1.209	1.17	1.18
S	1.003	1.004	1.002
A	1.0	1.0	1.0
I	1.0	1.0	1.0
W	1.009	1.001	1.002
N	1.875	2.0	2.044
G	1.312	2.193	1.603
P	1.001	1.0	1.005
M	1.015	1.021	1.013
G	2.179	2.161	1.877
V	2.148	3.689	1.777
F	1.006	2.007	1.005
E	1.162	2.15	1.186
M	2.009	3.757	1.996
V	1.009	1.109	1.015
P	1.0	1.0	1.0
Y	1.0	1.0	1.0
S	1.0	1.0	1.0
K	1.0	1.0	1.0
G	1.0	1.0	1.0
T	1.0	1.0	1.0
F	1.0	1.0	1.0
A	1.0	1.0	1.0
I	1.0	1.0	1.0
A	1.0	1.0	1.0
K	1.0	1.0	1.0
A	1.0	1.0	1.0
M	1.0	1.0	1.0
G	1.0	1.0	1.0
R	1.0	1.0	1.0
G	1.0	1.001	1.0
T	1.003	1.005	1.0
H	1.009	1.015	1.003
E	1.0	1.0	1.0
H	1.0	1.0	1.0
G	1.0	1.0	1.0
L	1.007	1.0	1.001
M	1.071	1.011	1.012
S	1.0	1.0	1.0
I	1.006	1.003	1.004
I	1.937	1.007	1.279
G	1.042	1.421	1.089
G	1.369	1.791	1.144
G	1.173	1.445	1.019
D	1.089	1.144	1.098
S	1.984	1.715	1.999
A	1.0	1.0	1.0
S	1.0	1.0	1.0
A	1.0	1.0	1.0
A	1.0	1.0	1.0
E	1.0	1.0	1.0
L	1.0	1.0	1.0
S	1.0	1.0	1.0
G	1.07	1.193	1.048
E	1.024	1.026	1.022
A	1.022	1.023	1.016
K	1.0	1.002	1.001
R	1.843	2.669	1.591
M	1.77	1.836	1.66
S	1.0	1.001	1.002
H	1.747	1.899	1.665
V	1.0	1.0	1.0
S	1.0	1.004	1.001
T	1.276	1.404	1.762
G	1.712	1.49	1.636
G	2.016	2.169	2.411
G	1.223	1.333	1.699
A	1.07	1.193	1.494
S	1.0	1.0	1.0
L	1.0	1.0	1.0
E	1.0	1.0	1.0
L	1.0	1.0	1.0
L	1.0	1.0	1.0
E	1.002	1.001	1.0
G	1.0	1.0	1.015
K	1.492	1.0	1.061
T	1.678	1.013	1.101
L	1.672	1.0	1.078
P	1.468	1.0	1.058
G	1.0	1.0	1.0
V	1.0	1.0	1.0
T	1.0	1.0	1.0
V	1.154	1.183	1.167
L	1.035	1.012	1.022
D	1.0	1.0	1.0
D	1.0	1.0	1.0
K	1.0	1.0	1.0
