seq	pLDDT
E	85.02
K	94.49
K	96.83
S	97.36
I	97.91
N	97.18
E	96.54
C	96.55
D	96.01
L	98.07
K	98.07
G	97.87
K	98.05
K	98.37
V	98.65
L	98.67
I	98.8
R	98.7
V	98.41
D	96.75
F	97.68
N	96.53
V	95.37
P	93.8
V	93.68
K	91.53
N	88.44
G	86.38
K	92.78
I	96.58
T	93.87
N	92.52
D	95.39
Y	92.39
R	94.2
I	97.46
R	96.57
S	94.98
A	97.79
L	98.34
P	98.4
T	98.67
L	98.74
K	98.57
K	98.62
V	98.61
L	98.44
T	97.94
E	98.14
G	97.97
G	98.46
S	98.63
C	98.79
V	98.84
L	98.92
M	98.7
S	98.52
H	97.74
L	97.71
G	95.76
R	95.66
P	96.7
K	93.68
G	96.38
I	97.68
P	97.42
M	97.05
A	95.83
Q	95.75
A	95.95
G	93.38
K	92.11
I	94.62
R	94.12
S	93.05
T	92.9
G	90.9
G	93.58
V	95.33
P	96.95
G	96.37
F	97.41
Q	96.61
Q	95.24
K	95.22
A	96.79
T	97.66
L	98.35
K	97.63
P	97.95
V	98.42
A	98.31
K	98.02
R	98.31
L	98.49
S	98.5
E	98.19
L	98.4
L	98.11
L	97.44
R	97.25
P	98.05
V	98.7
T	98.55
F	98.63
A	98.32
P	96.71
D	97.6
C	97.92
L	98.11
N	97.44
A	97.89
A	97.91
D	97.36
V	97.73
V	98.02
S	97.39
K	97.69
M	98.06
S	97.55
P	97.46
G	97.54
D	98.42
V	98.81
V	98.85
L	98.88
L	98.86
E	98.44
N	98.62
V	98.58
R	98.49
F	98.51
Y	98.46
K	97.79
E	98.12
E	98.13
G	95.82
S	97.11
K	96.2
K	97.25
A	96.85
K	97.66
D	98.18
R	98.35
E	98.27
A	98.44
M	98.66
A	98.66
K	98.66
I	98.57
L	98.78
A	98.56
S	98.42
Y	98.54
G	97.36
D	97.54
V	97.8
Y	98.63
I	98.73
S	98.29
D	98.09
A	97.18
F	96.73
G	94.33
T	95.35
A	96.52
H	95.37
R	95.03
D	96.06
S	97.8
A	98.39
T	98.41
M	97.54
T	97.89
G	98.21
I	98.51
P	97.79
K	97.35
I	97.9
L	97.23
G	95.51
N	92.26
G	96.83
A	98.23
A	98.32
G	98.45
Y	98.05
L	97.29
M	97.25
E	96.67
K	95.64
E	95.91
I	94.41
S	94.49
Y	94.77
F	93.83
A	92.83
K	93.43
V	92.22
L	91.19
G	91.76
N	92.0
P	95.2
P	97.02
R	97.65
P	98.09
L	98.47
V	98.72
A	98.35
I	98.59
V	98.1
G	96.79
G	94.02
A	92.41
K	92.68
V	94.51
S	94.87
D	92.1
K	94.48
I	95.15
Q	95.46
L	95.59
L	96.78
D	94.77
N	94.58
M	94.95
L	95.75
Q	92.64
R	94.85
I	97.84
D	98.45
Y	98.7
L	98.78
L	98.84
I	98.57
G	97.82
G	96.84
A	96.78
M	97.17
A	98.16
Y	98.16
T	98.24
F	98.39
L	98.53
K	98.37
A	98.01
Q	97.8
G	97.93
Y	98.39
S	98.2
I	98.21
G	97.45
K	97.54
S	97.55
K	96.08
C	96.51
E	97.23
E	95.63
S	96.97
K	97.59
L	97.74
E	97.53
F	97.4
A	97.77
R	97.97
S	97.83
L	97.68
L	98.03
K	97.81
K	97.83
A	98.21
E	97.19
D	97.39
R	96.88
K	97.45
V	98.37
Q	98.42
V	98.59
I	98.59
L	98.72
P	98.62
I	98.69
D	98.71
H	98.68
V	98.46
C	98.09
H	98.04
T	97.81
E	96.51
F	95.75
K	95.76
A	95.39
V	95.07
D	91.93
S	94.15
P	97.14
L	98.08
I	98.5
T	98.53
E	97.68
D	98.19
Q	98.12
N	98.46
I	98.4
P	98.08
E	97.58
G	97.66
H	98.26
M	98.21
A	98.24
L	98.13
D	98.5
I	98.72
G	98.58
P	98.45
K	98.74
T	98.8
I	98.79
E	98.73
K	98.79
Y	98.81
V	98.67
Q	98.48
T	98.67
I	98.64
G	98.2
K	97.7
C	98.45
K	98.4
S	98.38
A	98.45
I	98.04
W	98.2
N	97.04
G	95.95
P	97.06
M	98.23
G	97.33
V	96.78
F	96.61
E	95.22
M	96.22
V	94.94
P	96.25
Y	97.81
S	97.5
K	97.96
G	98.42
T	98.48
F	98.58
A	98.68
I	98.7
A	98.44
K	98.43
A	98.57
M	98.6
G	98.16
R	97.19
G	98.12
T	98.02
H	95.32
E	95.52
H	96.12
G	96.65
L	98.19
M	98.16
S	98.18
I	97.74
I	96.71
G	93.55
G	91.27
G	90.69
D	93.19
S	95.06
A	94.26
S	93.39
A	95.76
A	95.98
E	93.96
L	94.55
S	95.81
G	95.72
E	96.9
A	94.73
K	94.56
R	96.95
M	97.13
S	97.23
H	96.5
V	95.52
S	94.77
T	87.62
G	89.09
G	88.18
G	90.91
A	94.43
S	94.76
L	93.7
E	94.71
L	93.86
L	94.13
E	94.49
G	91.96
K	94.12
T	92.95
L	96.67
P	96.67
G	96.72
V	96.44
T	96.25
V	96.75
L	97.53
D	97.37
D	93.67
K	84.02
