time	gyr_R1	gyr_R2	gyr_R3
0.1	23.83	24.09	24.15
0.2	24.26	24.16	24.23
0.3	23.93	24.15	24.32
0.4	23.77	24.29	24.31
0.5	23.92	24.51	24.26
0.6	23.88	24.04	24.0
0.7	24.1	24.61	24.18
0.8	24.32	24.3	24.19
0.9	24.04	24.36	24.12
1.0	24.16	24.35	24.01
1.1	24.47	24.6	24.07
1.2	24.76	24.4	24.19
1.3	24.18	24.51	23.97
1.4	24.4	24.69	24.12
1.5	24.1	24.6	24.14
1.6	24.15	24.28	23.93
1.7	24.52	24.46	23.96
1.8	24.07	24.44	23.86
1.9	24.47	24.34	24.04
2.0	24.79	24.26	23.95
2.1	24.52	24.43	24.18
2.2	24.21	24.37	24.2
2.3	24.37	24.32	24.1
2.4	24.32	24.43	24.23
2.5	24.33	24.47	24.36
2.6	24.3	24.13	23.9
2.7	24.41	24.36	24.26
2.8	24.33	24.34	24.25
2.9	24.16	24.42	24.24
3.0	24.5	24.51	24.14
3.1	24.43	24.29	24.43
3.2	24.24	24.04	24.4
3.3	24.47	24.08	24.76
3.4	24.36	24.21	24.58
3.5	24.16	24.26	24.41
3.6	24.02	24.56	24.45
3.7	24.22	24.68	24.62
3.8	24.33	24.61	24.47
3.9	24.06	24.42	24.51
4.0	23.84	24.2	24.54
4.1	23.93	24.09	24.49
4.2	24.22	24.33	24.41
4.3	24.23	24.58	24.33
4.4	23.99	24.19	24.37
4.5	24.18	24.31	24.29
4.6	24.24	24.21	24.32
4.7	24.06	24.32	24.47
4.8	24.25	24.19	24.6
4.9	24.39	24.34	24.4
5.0	24.53	24.17	24.7
5.1	24.16	24.26	24.49
5.2	24.12	24.08	24.42
5.3	24.23	24.19	24.44
5.4	24.09	24.4	24.43
5.5	24.16	24.48	24.49
5.6	24.17	24.57	24.58
5.7	24.07	24.62	24.59
5.8	24.08	24.67	24.45
5.9	23.86	24.63	24.56
6.0	24.15	24.73	24.62
6.1	23.96	24.74	24.55
6.2	23.78	24.7	24.24
6.3	23.99	24.91	24.43
6.4	24.05	24.92	23.99
6.5	23.98	24.76	23.96
6.6	24.18	24.85	24.15
6.7	24.49	24.54	24.07
6.8	24.45	24.57	23.9
6.9	24.14	24.82	23.93
7.0	24.25	24.51	23.82
7.1	24.22	24.7	23.82
7.2	24.5	24.61	23.82
7.3	24.12	24.54	23.97
7.4	24.42	24.55	24.1
7.5	24.33	24.47	23.94
7.6	24.34	24.48	23.96
7.7	24.2	24.38	23.76
7.8	24.07	24.52	23.71
7.9	24.02	24.59	23.8
8.0	23.93	24.52	23.86
8.1	23.91	24.7	23.76
8.2	24.04	24.53	23.95
8.3	23.87	24.22	24.01
8.4	23.99	24.13	23.96
8.5	24.02	24.43	24.09
8.6	24.03	24.28	23.87
8.7	24.07	24.65	23.96
8.8	24.03	24.72	24.08
8.9	23.99	24.62	23.87
9.0	23.94	24.54	23.91
9.1	24.16	24.65	23.99
9.2	23.92	24.87	23.78
9.3	24.1	24.99	23.81
9.4	23.85	24.97	23.75
9.5	23.79	24.96	23.78
9.6	24.11	24.68	23.98
9.7	24.05	24.5	23.85
9.8	23.98	24.4	23.86
9.9	23.77	24.68	23.81
10.0	24.08	24.19	24.04
10.1	23.97	24.08	23.87
10.2	23.86	24.25	23.79
10.3	23.99	24.05	23.79
10.4	23.95	24.2	23.72
10.5	23.8	24.15	23.96
10.6	23.86	24.46	24.05
10.7	23.77	24.27	23.96
10.8	23.99	24.31	24.04
10.9	24.07	24.35	23.79
11.0	23.99	24.8	23.97
11.1	23.97	24.52	23.76
11.2	24.12	24.35	23.73
11.3	24.04	24.63	23.82
11.4	24.03	24.59	23.94
11.5	24.04	24.09	23.65
11.6	24.21	24.04	23.63
11.7	24.12	24.12	23.69
11.8	24.05	23.98	23.81
11.9	24.03	24.18	23.91
12.0	24.07	24.59	23.74
12.1	23.86	24.84	23.7
12.2	23.86	24.37	23.73
12.3	23.82	24.31	23.96
12.4	24.24	24.21	23.93
12.5	24.04	24.05	23.72
12.6	23.79	24.24	23.73
12.7	24.2	24.14	23.72
12.8	24.17	24.32	23.62
12.9	24.27	24.24	23.43
13.0	23.96	24.1	23.42
13.1	24.2	24.41	23.5
13.2	24.11	24.37	23.56
13.3	24.08	24.36	23.52
13.4	24.26	24.19	23.68
13.5	24.36	24.41	23.47
13.6	24.18	24.38	23.35
13.7	24.15	24.39	23.61
13.8	24.25	24.38	23.78
13.9	24.53	24.58	23.49
14.0	24.17	24.3	23.62
14.1	24.04	24.17	23.49
14.2	24.26	24.21	23.44
14.3	24.19	24.21	23.52
14.4	23.95	24.39	23.67
14.5	24.23	24.34	23.71
14.6	24.0	24.16	23.63
14.7	24.14	24.35	23.63
14.8	24.31	24.19	23.77
14.9	24.19	24.14	23.5
15.0	24.0	24.37	23.7
15.1	24.07	24.24	23.72
15.2	24.25	24.37	23.64
15.3	24.17	24.33	23.52
15.4	24.19	24.09	23.59
15.5	24.37	24.24	23.52
15.6	24.32	24.14	23.45
15.7	24.3	24.21	23.64
15.8	24.22	24.32	23.76
15.9	24.11	24.26	23.74
16.0	24.24	24.12	23.8
16.1	24.18	24.04	23.77
16.2	24.14	24.11	23.88
16.3	24.08	24.01	23.74
16.4	24.32	24.06	23.67
16.5	24.19	24.16	23.98
16.6	24.29	24.41	23.91
16.7	24.2	24.02	23.63
16.8	24.22	23.77	23.68
16.9	24.31	23.63	23.47
17.0	24.0	23.85	23.3
17.1	24.18	23.95	23.53
17.2	24.22	23.98	23.79
17.3	24.36	24.24	23.72
17.4	24.23	24.05	23.49
17.5	24.0	24.53	23.54
17.6	24.11	24.24	23.52
17.7	24.11	24.03	23.55
17.8	24.1	24.09	23.58
17.9	24.18	24.24	23.47
18.0	23.94	23.99	23.63
18.1	24.44	23.96	23.65
18.2	24.34	24.16	23.36
18.3	24.28	24.11	23.41
18.4	24.49	24.15	23.51
18.5	24.09	23.96	23.88
18.6	24.19	23.93	23.83
18.7	24.04	24.04	23.74
18.8	24.35	24.27	23.82
18.9	24.27	24.13	23.45
19.0	24.23	23.95	23.55
19.1	24.09	24.08	23.52
19.2	23.98	24.28	23.55
19.3	23.81	24.22	23.71
19.4	23.8	24.01	23.4
19.5	24.27	24.12	23.51
19.6	24.16	24.15	23.37
19.7	24.16	24.15	23.32
19.8	24.12	24.08	23.5
19.9	24.2	24.11	23.55
20.0	24.6	24.24	23.45
20.1	24.23	23.9	23.52
20.2	24.13	23.84	23.91
20.3	24.04	24.23	23.78
20.4	24.13	24.19	23.6
20.5	24.24	24.26	23.87
20.6	24.44	24.12	23.93
20.7	24.12	24.2	23.82
20.8	23.9	23.86	23.62
20.9	24.08	24.0	23.74
21.0	24.32	24.15	23.72
21.1	24.22	24.17	23.59
21.2	24.08	24.24	23.72
21.3	23.92	24.28	23.76
21.4	24.14	24.16	23.49
21.5	24.28	24.34	23.87
21.6	24.48	24.59	23.74
21.7	24.09	24.45	23.76
21.8	24.36	24.29	23.38
21.9	24.26	24.39	23.27
22.0	24.14	23.99	23.48
22.1	24.14	24.37	23.52
22.2	24.12	24.25	23.47
22.3	24.39	24.45	23.52
22.4	24.31	24.51	23.56
22.5	23.96	24.37	23.52
22.6	24.2	24.53	23.78
22.7	24.21	24.62	23.72
22.8	24.3	24.29	23.69
22.9	24.14	24.11	23.71
23.0	24.16	24.27	23.73
23.1	24.2	24.53	23.73
23.2	23.91	24.73	23.64
23.3	24.24	24.45	23.69
23.4	24.22	24.17	23.9
23.5	24.31	24.57	23.92
23.6	24.61	24.46	23.68
23.7	24.44	24.41	23.54
23.8	24.27	24.55	23.71
23.9	24.29	24.45	23.69
24.0	24.1	24.4	23.66
24.1	23.87	24.55	23.67
24.2	23.84	24.75	23.69
24.3	24.15	24.87	23.74
24.4	23.99	24.55	23.73
24.5	23.93	24.84	23.63
24.6	23.79	24.67	23.69
24.7	23.95	24.24	23.84
24.8	24.16	24.2	23.85
24.9	24.13	24.2	23.86
25.0	24.11	24.28	23.76
25.1	24.23	24.39	23.74
25.2	24.54	24.47	23.62
25.3	24.1	24.4	23.88
25.4	24.17	23.99	23.63
25.5	24.29	24.09	23.72
25.6	24.14	24.07	23.72
25.7	23.98	24.06	23.69
25.8	24.31	24.13	23.76
25.9	24.3	24.18	23.76
26.0	24.2	24.14	23.83
26.1	24.3	24.32	23.89
26.2	24.27	24.26	23.65
26.3	24.35	24.31	23.92
26.4	24.36	24.19	23.86
26.5	24.61	24.2	23.9
26.6	24.39	24.03	23.75
26.7	24.34	24.35	23.7
26.8	24.21	24.26	23.88
26.9	24.13	24.0	23.99
27.0	24.03	24.21	23.8
27.1	24.14	24.22	23.81
27.2	24.07	23.92	24.29
27.3	24.11	24.26	23.9
27.4	24.18	24.14	23.86
27.5	24.0	24.21	24.13
27.6	24.08	23.99	23.89
27.7	23.99	24.24	23.76
27.8	23.8	24.07	23.9
27.9	23.88	24.01	23.95
28.0	24.0	24.17	23.72
28.1	24.03	24.4	23.85
28.2	24.18	24.07	23.95
28.3	24.35	24.17	23.87
28.4	24.37	23.9	24.03
28.5	24.37	24.3	24.02
28.6	24.23	24.24	24.06
28.7	24.33	24.01	24.02
28.8	24.24	24.28	23.89
28.9	24.18	23.98	23.94
29.0	24.22	24.02	23.89
29.1	24.21	24.11	23.94
29.2	24.13	24.09	23.73
29.3	24.56	24.01	23.85
29.4	23.96	24.21	24.11
29.5	24.08	24.16	23.97
29.6	24.37	24.19	23.91
29.7	24.49	24.25	23.89
29.8	24.54	23.82	24.0
29.9	24.22	24.0	23.81
30.0	24.36	23.71	23.78
30.1	24.36	23.9	23.88
30.2	24.61	24.13	23.78
30.3	24.52	24.04	23.84
30.4	24.41	23.99	23.95
30.5	24.07	24.06	23.82
30.6	24.04	24.08	23.69
30.7	24.08	24.21	23.84
30.8	24.25	24.24	24.11
30.9	24.22	24.26	23.99
31.0	23.99	24.13	24.19
31.1	24.23	23.98	24.13
31.2	24.22	24.24	24.04
31.3	24.18	24.02	24.01
31.4	24.14	23.99	23.98
31.5	24.01	23.93	24.13
31.6	23.94	23.84	24.08
31.7	24.07	24.02	23.79
31.8	24.09	23.93	23.88
31.9	24.09	23.97	23.92
32.0	24.16	23.78	23.96
32.1	23.98	23.97	23.79
32.2	24.06	24.14	23.88
32.3	24.01	23.77	24.03
32.4	24.04	23.85	23.82
32.5	23.97	23.73	23.76
32.6	24.43	23.86	23.83
32.7	23.97	23.77	23.96
32.8	24.19	23.95	23.94
32.9	24.17	23.72	24.03
33.0	24.17	23.86	23.86
33.1	24.06	23.97	23.92
33.2	23.97	23.95	23.91
33.3	24.2	24.06	23.96
33.4	24.24	24.08	23.89
33.5	24.3	24.02	23.92
33.6	24.1	23.95	23.99
33.7	24.1	24.08	24.16
33.8	23.9	23.91	23.78
33.9	23.93	23.95	24.04
34.0	24.13	23.91	23.9
34.1	24.31	23.64	23.95
34.2	24.23	23.53	23.78
34.3	24.33	23.58	23.92
34.4	23.95	23.5	23.87
34.5	23.87	23.79	23.83
34.6	23.78	23.54	23.83
34.7	24.15	23.64	24.0
34.8	23.89	23.55	24.12
34.9	24.0	23.6	24.04
35.0	23.86	23.64	23.78
35.1	24.14	23.65	23.95
35.2	24.2	23.66	23.86
35.3	24.23	23.71	24.0
35.4	24.25	23.63	24.2
35.5	24.28	23.89	23.87
35.6	24.17	23.93	24.16
35.7	24.08	23.62	23.82
35.8	24.42	23.52	24.16
35.9	24.37	23.7	23.93
36.0	24.38	23.66	23.85
36.1	24.35	23.74	23.96
36.2	24.18	23.58	23.96
36.3	24.06	23.69	23.74
36.4	24.06	23.7	23.88
36.5	24.11	23.65	23.82
36.6	24.13	23.66	23.85
36.7	24.08	23.84	23.87
36.8	24.28	23.69	23.84
36.9	24.25	23.66	23.74
37.0	24.41	23.78	24.01
37.1	24.31	23.62	23.84
37.2	24.22	23.69	24.25
37.3	24.32	23.54	24.01
37.4	24.09	23.64	23.98
37.5	24.25	23.91	24.25
37.6	24.05	23.64	24.11
37.7	24.04	23.68	23.82
37.8	23.92	23.63	23.82
37.9	24.16	23.69	23.9
38.0	24.02	23.9	23.85
38.1	23.93	23.85	24.1
38.2	24.16	23.52	23.89
38.3	23.88	23.58	23.87
38.4	24.05	23.76	23.89
38.5	24.3	23.69	24.04
38.6	24.37	23.67	24.0
38.7	24.22	23.7	24.14
38.8	24.02	23.75	23.95
38.9	24.17	23.86	23.83
39.0	24.1	23.75	24.0
39.1	24.07	23.86	24.04
39.2	24.14	23.57	24.18
39.3	24.13	23.73	24.15
39.4	24.15	23.8	24.11
39.5	24.06	23.76	24.08
39.6	24.31	23.73	24.3
39.7	24.26	23.72	24.36
39.8	24.42	23.83	24.22
39.9	24.18	23.77	24.15
40.0	24.15	23.51	24.24
40.1	24.01	23.67	24.16
40.2	24.31	23.63	23.94
40.3	24.12	23.54	24.17
40.4	24.04	23.59	24.0
40.5	23.95	23.71	23.83
40.6	23.78	23.66	23.9
40.7	23.96	23.64	23.9
40.8	23.99	23.77	23.82
40.9	23.89	23.76	23.88
41.0	23.79	23.75	24.19
41.1	23.87	23.65	23.99
41.2	24.1	23.62	24.04
41.3	24.06	23.72	23.79
41.4	24.27	23.63	24.01
41.5	24.35	23.47	24.02
41.6	24.18	23.56	23.98
41.7	24.15	23.75	23.9
41.8	24.33	23.65	23.68
41.9	24.44	23.75	23.8
42.0	24.2	23.71	23.6
42.1	24.24	23.59	23.75
42.2	24.13	23.35	23.49
42.3	23.94	23.69	23.75
42.4	23.8	23.8	23.69
42.5	23.92	23.87	23.69
42.6	24.16	23.71	23.73
42.7	24.09	23.76	23.92
42.8	24.18	23.54	23.98
42.9	24.08	23.49	24.18
43.0	24.11	23.65	24.06
43.1	23.97	23.71	23.68
43.2	24.01	23.49	23.83
43.3	24.03	23.66	23.85
43.4	24.04	23.57	23.83
43.5	23.97	23.78	23.97
43.6	24.09	23.87	23.89
43.7	24.05	23.71	24.01
43.8	24.07	23.74	23.99
43.9	24.12	23.51	23.91
44.0	24.11	23.7	24.08
44.1	24.03	23.79	24.04
44.2	24.28	23.63	24.09
44.3	24.14	23.67	24.24
44.4	24.55	23.59	24.05
44.5	24.19	23.69	24.07
44.6	24.31	23.64	24.08
44.7	24.28	23.77	24.01
44.8	24.31	23.6	24.26
44.9	24.32	23.72	24.24
45.0	24.32	23.88	24.17
45.1	24.19	23.86	23.98
45.2	24.23	23.75	24.1
45.3	24.25	23.75	24.2
45.4	24.32	23.59	24.01
45.5	24.23	23.41	24.25
45.6	24.15	23.57	24.05
45.7	24.08	23.79	24.29
45.8	24.2	23.75	24.06
45.9	24.25	23.83	23.97
46.0	24.2	23.99	23.82
46.1	24.17	23.91	24.02
46.2	24.03	24.0	23.91
46.3	24.2	23.59	24.14
46.4	24.16	23.49	24.0
46.5	24.29	23.91	24.01
46.6	24.02	23.73	23.92
46.7	23.85	23.95	24.01
46.8	24.01	23.78	24.12
46.9	23.96	23.79	23.94
47.0	24.26	23.52	24.05
47.1	23.95	23.54	24.13
47.2	24.14	23.7	24.17
47.3	23.88	23.96	24.2
47.4	23.89	23.83	24.08
47.5	23.61	23.88	24.04
47.6	23.81	23.59	24.2
47.7	24.01	23.61	24.15
47.8	23.93	23.79	24.15
47.9	23.78	23.74	24.14
48.0	23.74	24.01	23.95
48.1	24.0	24.04	23.93
48.2	23.64	24.24	24.09
48.3	23.84	24.22	23.84
48.4	23.68	24.13	24.05
48.5	23.84	23.9	23.95
48.6	23.81	24.01	23.97
48.7	23.81	24.2	23.95
48.8	23.85	24.16	24.14
48.9	24.12	24.28	24.07
49.0	23.67	24.01	24.0
49.1	23.69	24.21	23.93
49.2	23.43	24.29	24.1
49.3	23.56	24.17	24.04
49.4	23.62	23.98	24.12
49.5	23.72	24.07	23.98
49.6	23.87	24.11	24.29
49.7	23.52	24.17	24.13
49.8	23.72	24.35	23.98
49.9	23.55	24.19	24.1
50.0	23.58	24.34	24.12
50.1	23.57	23.99	24.04
50.2	23.79	24.3	24.05
50.3	23.71	24.15	24.29
50.4	23.75	24.13	24.11
50.5	23.8	24.1	24.45
50.6	23.62	24.2	24.12
50.7	23.94	24.15	24.05
50.8	23.6	24.18	23.96
50.9	23.75	24.12	24.09
51.0	23.9	24.11	24.22
51.1	23.73	24.35	24.45
51.2	23.81	24.26	24.29
51.3	23.8	24.3	24.08
51.4	23.81	23.97	24.08
51.5	23.87	24.1	24.19
51.6	23.74	24.06	24.04
51.7	23.64	23.93	24.08
51.8	23.87	24.04	23.87
51.9	23.69	24.0	24.08
52.0	23.74	24.05	23.79
52.1	23.69	24.16	24.05
52.2	23.8	24.05	24.12
52.3	23.59	24.29	23.97
52.4	23.89	24.3	24.05
52.5	23.81	24.28	24.04
52.6	23.88	24.18	24.13
52.7	23.77	24.03	24.21
52.8	23.65	23.98	24.18
52.9	23.74	24.24	24.2
53.0	23.94	24.42	24.19
53.1	23.85	23.96	24.36
53.2	23.5	24.0	24.35
53.3	23.68	24.16	24.38
53.4	23.66	24.06	24.33
53.5	23.54	23.92	24.4
53.6	23.69	23.72	24.36
53.7	23.72	23.9	24.28
53.8	23.96	24.02	24.27
53.9	23.99	23.75	24.11
54.0	23.68	23.99	24.24
54.1	23.7	23.84	23.95
54.2	23.8	24.01	23.92
54.3	23.66	24.0	24.05
54.4	23.73	24.41	24.01
54.5	23.81	24.36	24.35
54.6	23.73	24.02	24.14
54.7	23.74	24.05	23.99
54.8	23.71	24.21	23.89
54.9	23.85	23.98	24.06
55.0	23.74	23.83	24.08
55.1	23.72	23.97	24.09
55.2	23.78	23.74	24.17
55.3	23.77	23.96	24.3
55.4	23.87	24.02	24.41
55.5	23.66	23.91	24.47
55.6	23.82	23.99	24.52
55.7	23.79	24.12	24.33
55.8	23.66	23.97	24.21
55.9	23.59	24.24	24.61
56.0	23.77	24.08	24.25
56.1	24.05	24.34	24.35
56.2	23.9	23.94	24.33
56.3	23.82	24.15	24.17
56.4	23.87	23.98	24.5
56.5	23.68	23.71	24.09
56.6	23.63	23.7	24.24
56.7	23.76	23.75	23.87
56.8	23.8	23.85	23.94
56.9	23.7	24.06	24.05
57.0	23.84	23.96	24.09
57.1	23.75	24.07	24.32
57.2	23.91	23.99	24.14
57.3	23.82	23.94	23.99
57.4	23.81	24.08	24.03
57.5	23.65	23.92	24.19
57.6	23.81	23.84	23.97
57.7	23.94	23.93	24.06
57.8	23.93	24.17	24.09
57.9	23.86	24.32	24.2
58.0	23.93	24.28	24.24
58.1	23.89	24.5	24.13
58.2	24.0	24.17	24.16
58.3	23.97	24.25	24.02
58.4	23.94	24.34	23.93
58.5	23.93	24.43	23.85
58.6	23.66	24.31	23.92
58.7	23.65	24.34	24.18
58.8	23.76	24.18	24.05
58.9	23.77	24.54	24.01
59.0	23.8	24.27	24.02
59.1	23.7	24.31	24.11
59.2	23.79	24.25	24.27
59.3	23.85	24.09	24.22
59.4	23.83	24.08	24.1
59.5	23.73	24.15	24.06
59.6	23.55	24.12	24.03
59.7	23.96	24.01	24.12
59.8	23.74	24.18	24.36
59.9	23.88	24.07	24.26
60.0	23.74	24.3	24.31
60.1	23.74	24.21	24.35
60.2	23.7	24.28	24.28
60.3	23.63	24.26	24.05
60.4	23.6	24.29	24.04
60.5	23.69	24.02	24.01
60.6	23.74	24.36	24.09
60.7	23.77	24.46	24.11
60.8	23.75	24.29	24.15
60.9	23.79	24.28	23.97
61.0	23.76	24.26	24.0
61.1	23.8	24.16	24.08
61.2	23.91	24.24	24.27
61.3	23.99	24.17	23.94
61.4	23.85	23.98	23.95
61.5	23.67	24.14	24.19
61.6	23.84	24.1	24.13
61.7	23.64	24.2	23.98
61.8	23.79	24.06	24.27
61.9	23.85	24.26	24.13
62.0	23.85	24.2	24.13
62.1	23.89	24.03	24.11
62.2	23.75	24.09	24.21
62.3	23.84	24.2	24.23
62.4	23.68	24.23	23.89
62.5	23.77	23.97	24.05
62.6	23.93	23.95	24.09
62.7	23.92	24.01	23.96
62.8	23.82	23.94	24.06
62.9	23.98	23.91	23.87
63.0	23.7	24.0	24.04
63.1	23.74	23.96	24.06
63.2	23.61	23.96	24.06
63.3	23.91	24.03	23.88
63.4	23.8	24.25	24.08
63.5	23.73	23.81	24.03
63.6	23.71	23.7	24.26
63.7	23.74	24.03	24.09
63.8	23.67	24.13	24.18
63.9	23.82	24.32	24.1
64.0	23.84	24.29	23.83
64.1	23.88	24.3	23.92
64.2	23.84	24.3	24.15
64.3	23.78	24.31	23.92
64.4	23.83	24.1	23.88
64.5	23.72	24.34	23.92
64.6	23.79	24.33	24.19
64.7	23.76	24.14	23.92
64.8	23.76	24.07	23.89
64.9	23.98	24.35	23.74
65.0	23.86	24.13	23.67
65.1	23.67	24.1	23.79
65.2	23.68	24.24	23.83
65.3	23.73	24.14	24.06
65.4	23.84	24.29	23.82
65.5	23.79	24.26	23.82
65.6	23.85	24.01	24.08
65.7	23.73	23.88	24.07
65.8	23.93	24.13	23.81
65.9	23.75	23.91	24.0
66.0	23.81	23.98	24.24
66.1	23.93	24.0	24.22
66.2	23.85	24.08	24.08
66.3	23.89	24.08	24.19
66.4	23.76	23.98	24.01
66.5	23.85	24.14	23.96
66.6	23.7	24.11	24.1
66.7	23.74	24.17	23.91
66.8	23.74	24.29	23.88
66.9	23.75	23.93	24.09
67.0	23.75	24.12	23.96
67.1	23.93	24.09	24.04
67.2	23.91	24.14	23.84
67.3	24.01	24.41	23.99
67.4	23.84	24.29	23.79
67.5	23.96	24.18	23.84
67.6	23.76	24.08	23.93
67.7	23.8	24.15	23.91
67.8	23.9	24.19	23.7
67.9	23.85	24.2	24.05
68.0	23.8	24.01	23.78
68.1	23.81	23.85	23.78
68.2	23.95	24.01	23.93
68.3	23.79	23.94	24.1
68.4	23.82	24.14	23.7
68.5	23.88	24.2	23.58
68.6	23.87	24.08	23.77
68.7	23.82	24.07	23.74
68.8	23.66	23.92	23.45
68.9	23.84	24.17	23.75
69.0	23.98	23.98	23.6
69.1	23.93	24.11	23.58
69.2	23.87	24.25	23.7
69.3	23.78	24.05	23.65
69.4	23.87	24.07	23.6
69.5	23.8	24.22	23.52
69.6	23.89	24.16	23.32
69.7	23.86	24.03	23.42
69.8	23.84	24.06	23.33
69.9	23.65	24.03	23.5
70.0	23.84	23.92	23.88
70.1	23.67	23.95	23.67
70.2	23.81	23.96	23.93
70.3	23.87	24.04	24.18
70.4	23.98	24.05	24.26
70.5	23.93	24.17	23.9
70.6	23.73	24.17	23.9
70.7	23.98	23.95	23.8
70.8	23.94	24.01	23.9
70.9	24.06	24.19	23.7
71.0	24.09	24.05	23.96
71.1	23.87	24.08	23.88
71.2	23.73	24.23	24.06
71.3	23.73	24.23	23.89
71.4	23.94	24.34	23.87
71.5	24.17	24.35	23.88
71.6	24.03	24.18	24.04
71.7	23.95	24.17	23.84
71.8	24.15	23.85	23.91
71.9	24.06	24.21	23.55
72.0	23.97	24.17	23.96
72.1	24.14	23.98	23.83
72.2	24.04	24.25	24.04
72.3	24.0	24.09	24.19
72.4	23.97	23.89	24.52
72.5	23.76	23.87	24.64
72.6	23.84	23.75	24.77
72.7	23.84	23.57	24.4
72.8	23.92	23.61	24.68
72.9	23.96	23.82	24.95
73.0	24.24	23.77	24.78
73.1	24.22	23.87	24.66
73.2	24.26	23.8	24.53
73.3	24.13	23.65	24.4
73.4	24.06	23.74	24.24
73.5	24.27	24.01	23.92
73.6	24.16	24.0	23.88
73.7	24.3	23.88	24.09
73.8	24.23	24.04	23.79
73.9	24.26	24.05	23.91
74.0	24.3	23.88	24.0
74.1	24.23	24.01	23.64
74.2	24.16	24.25	23.94
74.3	24.27	23.91	24.0
74.4	24.09	24.37	23.92
74.5	24.15	24.18	23.99
74.6	24.23	24.04	24.02
74.7	24.19	24.32	24.02
74.8	24.05	24.3	24.02
74.9	24.14	24.06	24.13
75.0	24.13	24.2	24.12
75.1	24.2	24.31	23.97
75.2	24.0	24.21	23.87
75.3	23.99	23.98	24.04
75.4	24.05	23.98	23.97
75.5	24.1	24.12	24.03
75.6	24.04	24.12	23.99
75.7	24.11	23.87	23.76
75.8	23.99	24.03	23.77
75.9	24.07	24.03	23.79
76.0	24.03	24.08	23.79
76.1	24.08	23.93	23.88
76.2	24.24	24.03	23.97
76.3	24.02	24.01	24.11
76.4	24.1	24.03	24.13
76.5	24.04	24.27	24.14
76.6	24.12	23.87	24.44
76.7	24.1	23.92	24.49
76.8	24.08	23.77	24.27
76.9	24.09	23.78	24.26
77.0	24.11	23.98	24.29
77.1	24.08	23.84	24.27
77.2	23.96	23.88	24.0
77.3	23.98	24.04	24.16
77.4	23.95	24.26	24.28
77.5	23.93	24.19	24.2
77.6	24.02	24.05	24.14
77.7	24.01	24.01	23.97
77.8	23.99	24.0	24.26
77.9	24.01	24.0	24.18
78.0	24.05	24.01	24.15
78.1	24.09	24.1	24.08
78.2	24.08	24.02	23.92
78.3	23.93	24.2	24.07
78.4	24.01	24.15	24.22
78.5	23.99	24.06	24.19
78.6	24.0	24.08	24.2
78.7	24.11	23.93	24.42
78.8	24.15	24.06	24.14
78.9	24.09	24.1	24.17
79.0	24.28	23.9	24.21
79.1	24.22	24.03	24.14
79.2	24.24	23.99	24.09
79.3	24.37	24.07	24.22
79.4	24.26	24.02	24.36
79.5	24.15	24.25	24.47
79.6	24.09	23.98	24.27
79.7	24.05	23.88	24.17
79.8	24.24	23.84	24.14
79.9	24.25	24.07	24.17
80.0	24.06	23.97	24.18
80.1	24.22	23.98	24.21
80.2	24.26	23.99	24.3
80.3	24.26	23.81	23.99
80.4	24.17	24.09	24.14
80.5	24.15	24.27	24.09
80.6	24.08	24.44	24.29
80.7	24.01	23.89	24.15
80.8	24.06	23.93	24.25
80.9	24.21	24.05	24.29
81.0	23.98	23.87	24.26
81.1	24.15	23.97	24.32
81.2	24.08	24.24	24.55
81.3	24.05	24.22	24.51
81.4	24.02	24.35	24.09
81.5	23.97	24.09	24.24
81.6	23.86	24.25	23.99
81.7	23.95	24.09	24.16
81.8	24.11	24.17	24.35
81.9	24.13	24.13	24.21
82.0	24.08	24.04	24.14
82.1	24.01	23.99	23.99
82.2	24.08	24.25	24.07
82.3	24.2	24.24	24.17
82.4	24.02	23.8	24.16
82.5	23.94	23.99	24.09
82.6	24.03	24.25	24.24
82.7	23.95	24.01	24.21
82.8	24.22	23.96	24.06
82.9	23.99	23.97	24.16
83.0	24.05	24.02	24.3
83.1	23.92	23.85	24.03
83.2	24.11	24.02	24.2
83.3	24.12	24.04	24.05
83.4	24.01	24.33	24.37
83.5	24.1	24.27	24.06
83.6	24.27	24.31	24.05
83.7	24.28	24.03	24.13
83.8	24.23	24.04	24.01
83.9	24.34	23.85	23.94
84.0	24.43	23.85	24.04
84.1	24.35	24.03	24.05
84.2	24.41	24.14	24.04
84.3	24.47	24.23	24.19
84.4	24.36	24.07	24.26
84.5	24.08	23.88	24.04
84.6	24.28	24.27	24.16
84.7	23.98	24.17	24.21
84.8	24.23	24.33	24.18
84.9	24.27	24.15	24.05
85.0	24.23	24.12	24.01
85.1	24.3	24.39	24.0
85.2	24.31	24.39	24.02
85.3	24.31	24.35	24.09
85.4	24.11	24.06	24.28
85.5	24.04	24.04	24.04
85.6	24.1	23.86	24.16
85.7	24.13	24.0	24.03
85.8	24.16	24.23	24.06
85.9	24.12	24.1	24.14
86.0	24.03	23.99	24.2
86.1	24.13	24.24	24.33
86.2	24.27	24.22	24.17
86.3	24.13	24.13	23.89
86.4	24.36	24.33	23.93
86.5	24.3	24.08	24.09
86.6	24.44	23.91	24.02
86.7	24.33	23.84	24.02
86.8	24.16	24.1	24.21
86.9	24.2	24.28	24.21
87.0	24.1	23.97	24.07
87.1	24.02	24.3	24.15
87.2	23.91	24.11	24.14
87.3	23.72	23.95	24.13
87.4	23.64	24.26	23.98
87.5	23.98	24.45	24.09
87.6	23.93	24.13	24.31
87.7	23.97	24.24	24.3
87.8	23.91	24.08	24.18
87.9	24.03	24.05	24.26
88.0	23.8	24.07	24.22
88.1	23.84	24.36	24.15
88.2	23.89	23.97	24.16
88.3	24.08	23.97	24.07
88.4	24.0	23.98	24.08
88.5	23.94	24.1	24.1
88.6	23.91	24.1	24.03
88.7	23.89	24.09	24.13
88.8	24.06	24.05	24.07
88.9	24.03	24.1	24.18
89.0	24.0	23.99	24.18
89.1	24.14	23.81	24.13
89.2	24.12	23.88	24.12
89.3	24.07	23.9	24.08
89.4	24.02	23.85	24.09
89.5	23.98	23.99	24.0
89.6	23.94	24.04	24.36
89.7	23.91	24.11	24.2
89.8	24.01	24.15	24.08
89.9	24.04	24.08	24.01
90.0	24.05	24.27	24.25
90.1	24.01	23.84	24.08
90.2	24.09	23.85	24.05
90.3	23.86	23.69	24.08
90.4	24.01	23.84	23.91
90.5	24.19	23.96	24.05
90.6	24.25	23.9	24.3
90.7	24.15	24.2	24.04
90.8	24.03	24.16	24.44
90.9	23.99	24.19	24.26
91.0	23.91	24.03	24.24
91.1	23.94	24.14	24.28
91.2	24.05	24.33	24.31
91.3	23.99	24.34	24.22
91.4	24.0	24.07	24.12
91.5	24.07	24.14	24.12
91.6	24.0	24.15	23.85
91.7	24.05	24.09	23.85
91.8	24.18	23.99	23.96
91.9	24.02	24.3	24.01
92.0	24.01	24.12	24.05
92.1	23.88	24.1	24.08
92.2	23.97	24.57	24.21
92.3	23.95	24.29	24.05
92.4	23.97	24.34	23.93
92.5	23.91	24.63	24.1
92.6	23.95	24.37	23.96
92.7	23.88	24.26	24.24
92.8	24.0	24.32	24.28
92.9	23.94	24.37	23.99
93.0	23.85	24.25	24.18
93.1	24.02	23.88	24.19
93.2	23.97	23.97	23.89
93.3	23.95	23.97	23.87
93.4	23.78	23.9	23.97
93.5	24.01	24.01	24.14
93.6	23.92	23.98	24.06
93.7	24.07	23.78	24.11
93.8	23.85	24.06	24.07
93.9	24.07	24.24	24.35
94.0	24.01	24.17	23.97
94.1	24.02	24.07	24.07
94.2	23.9	24.01	24.25
94.3	24.08	24.13	24.06
94.4	24.06	23.92	24.34
94.5	24.13	23.95	24.08
94.6	24.33	24.22	24.06
94.7	23.96	24.28	24.01
94.8	24.04	24.18	24.03
94.9	24.02	23.95	23.91
95.0	24.04	24.19	24.1
95.1	23.93	23.93	23.98
95.2	24.19	24.09	24.03
95.3	24.03	24.16	24.26
95.4	24.12	24.37	23.82
95.5	24.14	24.2	24.09
95.6	24.3	24.16	24.18
95.7	24.28	24.15	24.34
95.8	24.01	24.12	23.91
95.9	24.26	24.22	24.01
96.0	24.27	23.88	23.97
96.1	24.13	24.0	23.94
96.2	24.38	24.12	23.99
96.3	24.22	24.03	24.1
96.4	23.99	24.06	24.0
96.5	23.96	24.08	24.04
96.6	23.96	24.18	23.83
96.7	24.09	24.28	23.92
96.8	24.29	24.15	24.03
96.9	23.97	24.15	23.96
97.0	24.28	24.01	24.01
97.1	24.09	24.26	23.7
97.2	24.28	24.37	23.82
97.3	23.9	24.41	23.78
97.4	24.04	24.21	23.82
97.5	23.92	24.25	23.74
97.6	23.99	24.33	23.8
97.7	24.1	24.35	23.96
97.8	24.17	24.17	24.0
97.9	24.2	24.29	23.87
98.0	24.1	24.04	23.98
98.1	24.04	24.31	24.01
98.2	24.1	24.15	24.0
98.3	23.93	24.02	23.97
98.4	24.15	24.02	24.04
98.5	24.18	23.88	24.09
98.6	24.08	24.24	24.26
98.7	24.12	24.01	24.14
98.8	24.08	23.99	24.12
98.9	24.01	24.23	23.92
99.0	24.0	24.03	24.14
99.1	24.16	24.16	24.13
99.2	23.99	24.01	24.19
99.3	23.98	24.03	23.97
99.4	24.1	24.13	23.89
99.5	24.07	24.05	23.99
99.6	24.03	24.23	23.97
99.7	24.05	23.89	24.08
99.8	23.97	23.87	24.12
99.9	23.83	23.96	24.06
100.0	23.92	24.11	23.86
