frame,R1,R2,R3
1,30.1017792340088,30.1017792340088,30.1017792340088
2,30.565303200574,31.3259143830307,32.1093430757707
3,31.9304098074763,32.3118279350927,32.5526502651876
4,31.8004036349739,32.029881052281,31.668535965293
5,31.2319793108502,30.9638250010894,31.9421579030476
6,34.5387565803849,33.1165994630478,30.286735182517
7,32.8997255990522,30.4494586333127,29.5270644425209
8,31.5669280186382,28.5871902121019,29.1214601284986
9,31.7176349431885,29.6564553849234,32.1570639615537
10,31.3799100720696,30.2738963672384,33.3709854276404
11,33.9958976383612,31.39337914491,31.6041831282509
12,32.401141897924,29.3036689719833,32.3495679169162
13,33.7097641027679,29.0952845981274,33.079525824398
14,33.8186684038513,28.336717940506,35.0950748775565
15,32.3963397803747,27.9447477652794,33.2827011238052
16,31.7771103778981,29.1803269924165,32.3091176683103
17,32.5092451998149,29.3418909447866,33.0147409664594
18,30.6019218271499,28.7678964694827,34.744457077623
19,29.5690762788836,29.1764008327884,33.5995059851293
20,29.6859245432208,32.1646658731866,35.1604185591022
21,30.4722484430241,31.5887069854847,32.673795516493
22,30.9283275748284,31.9972842380996,31.4199628463277
23,31.8105900999375,35.2893678322113,31.504023938425
24,33.3698787148102,35.3999282159989,32.2319412878033
25,33.5892990288891,37.1928648895514,32.1160812445092
26,33.2498079799386,34.9531282685524,32.0357905992666
27,34.338428457638,35.9093833443795,31.2543313660127
28,37.2100045497242,35.8702866349934,30.1769563508315
29,35.7018763106826,33.4982455583205,29.2718556481046
30,33.4406997711951,36.2810347329505,29.0113670388827
31,33.1629491577934,35.0550056779273,28.3169250200541
32,34.7261705630292,35.464526043531,29.380578644714
33,34.0490209684276,33.2191695060484,27.3032743035967
34,35.4103617009691,34.504944721451,26.4838095551276
35,34.8951013999017,36.1403206474011,23.6999385438081
36,31.9642506718393,34.3822235027626,23.617836323721
37,31.8297327688239,38.271459506351,23.6709635571249
38,31.5995014726119,36.5796151524951,23.530804775475
39,32.0103940505566,37.7349244816417,23.3721036471581
40,31.2846218460377,40.0105892911686,23.0256877263727
41,30.2518462706857,36.5984898940199,23.0647842775586
42,30.0351419303141,37.4731990873217,23.3181955433487
43,30.1515285488376,33.7879312103204,22.8875662140959
44,30.8293700891613,36.2452169549546,22.737737925484
45,28.0634549617534,34.3434413976714,22.9098979644722
46,28.0708855145087,32.9969240189212,22.8067839115275
47,27.4794887791337,34.1928130595043,22.7469649606145
48,29.7067262605284,34.5759962115225,23.3840054231475
49,29.7909229468394,36.7721708798878,22.8939607280197
50,29.6457021499829,37.6426320119123,22.9475199695979
51,31.1279640655064,38.1763761571894,24.0783999965268
52,30.6975900489778,35.6048895138839,23.4007897190489
53,31.3669322330843,34.154962185527,22.646907310044
54,31.3985347742796,32.4252823268009,22.8281358954068
55,31.078034973718,31.5939785962645,22.5083459825762
56,32.6174326379494,31.4840588691346,22.6629545704165
57,32.3824505825204,31.5924263834102,22.3041098319677
58,31.3175257214289,32.0603407658085,23.0024717882395
59,31.2241473737165,29.5812402518383,22.7306094898785
60,31.6674933821911,30.4682176121492,22.6541876409423
61,31.3982274148704,30.4870092818996,23.2175867924741
62,32.3295656963391,30.9125103366669,22.1166035359381
63,32.912798098223,30.5988645870747,22.431722640255
64,30.8694654506207,30.1479863297277,23.2535363804011
65,32.6655864509068,29.170554758711,22.0585909351953
66,33.0941344029229,29.0175794250869,21.8396158133786
67,35.2683817482704,27.5596379326417,23.0470032401844
68,34.5379993942141,26.4787187115109,22.7624046352447
69,35.1728821120033,26.1378410692992,22.4971099671549
70,33.5710476273544,25.8695379784587,23.0407789704684
71,35.3812111481992,25.8060151108372,21.8783457503162
72,35.9003679098175,25.9154376626325,21.6216796438338
73,36.8241025029008,26.0037019289643,22.3206474047701
74,37.4427228135234,26.9338063043288,21.8217746071692
75,37.154150928293,26.5274489687793,21.9999035057402
76,34.2385206980932,26.6326965461147,22.4115314733932
77,34.0591167481496,26.3177775963555,21.9846114637955
78,35.4234650549759,26.4340349325579,22.5615054392223
79,34.2318774529234,26.5648404643959,22.3434952515341
80,32.8445086067054,26.2130796227739,22.7510711318085
81,35.0435467396981,25.5105194284558,22.5355731847024
82,34.4608350205211,25.8884322578703,22.3925449191721
83,31.7408998659569,26.3446865272058,22.478009101268
84,34.659771203074,25.8406002807462,22.5688346285066
85,33.0829404993552,27.0834375508781,21.7669007824975
86,33.0212342208483,26.2749583119015,22.0453998510439
87,32.7583355517628,25.5329776567589,22.1247754539422
88,30.7796348672372,26.5719774760716,21.9850941010512
89,31.4943551184426,25.1796279598077,23.906497981819
90,32.4191977168658,26.5263780924672,23.1703571783382
91,33.7602672317351,29.980087419003,23.5907773559756
92,35.3912929659768,28.6329704060061,22.9056347045666
93,32.5312852285909,28.3136168236096,23.0621767572583
94,35.3185907028716,30.9779545716319,23.0804590854687
95,35.8029636147002,31.7318180103162,22.5568554138359
96,36.4884491046808,33.0362374531721,22.521505441048
97,36.767805882636,32.2217314283134,22.3377771553522
98,36.3018691873141,31.0927664912735,23.2543036647182
99,36.062729323896,32.5170020737873,22.402381058936
100,37.1691199476607,28.6612061820736,23.6131677332047
101,35.6658257192502,31.0787909472103,23.4934529119657
102,36.1157294899098,32.1200445209693,22.9924612036657
103,37.1192991116494,30.7334903082756,22.4645326256445
104,36.7989323376793,33.6184235620764,23.0185752574703
105,34.6617169769517,32.7584817785863,22.5442637866185
106,36.9337526305651,33.4339086650193,22.6901730010612
107,35.1638435244089,34.8460871067993,22.5697295290298
108,34.1343834000686,37.0268396692926,23.3747763096464
109,33.9166377714968,37.728446771596,23.6654982878766
110,34.4161405153106,36.246765564244,23.2922984069509
111,31.992829952364,37.7152414016058,23.0605438747336
112,32.0987051261136,37.100453141406,23.2713129330452
113,33.6283082258275,37.9207077959237,23.8473018583586
114,35.4177867173202,36.9487681074364,23.1495653842148
115,35.9299530966458,35.9297065928087,23.2490816292521
116,34.0985407695783,37.2058254768164,24.8198207972585
117,36.6723489126447,37.7960035269208,23.2521210723554
118,33.9020463559716,42.2299968250612,23.2995591720393
119,35.6723240275736,42.739548244249,23.5059499219621
120,35.8699551886957,40.7436004292269,22.9950720809964
121,36.5886458694073,39.5303163545418,22.8037607872661
122,32.7017826527483,37.2688126056161,22.6735295711691
123,30.752152243483,37.3675103929643,22.5731584674246
124,29.0961101515995,37.5288161528659,22.4272979294649
125,28.5573079579272,36.17336209559,22.1780402777315
126,26.9307457913319,36.1779346241032,22.2874103332775
127,25.1765859721733,35.6164597025039,22.3029817826768
128,24.3117637216656,35.6820210389325,22.9980211285043
129,26.662541090854,36.2893331361669,22.735535959642
130,24.3091984858012,36.4449896655631,23.1915316076176
131,25.0886313919151,36.9493629531638,23.7048513945591
132,24.8498808415442,36.9884805658835,23.5774121438902
133,25.9061610167442,35.0346779166983,23.1220583378044
134,28.9399917359438,34.1471933835096,22.6079771268075
135,29.3953086211681,33.4845544685486,23.4197245696818
136,28.3476681146629,34.5203440798426,23.3307085644024
137,28.9355431474073,34.3901716452211,23.2658949819549
138,29.0091010668609,34.9655470467119,24.1799589175618
139,28.6483538406729,33.9577625612759,24.0831405341935
140,29.545291312021,36.000172450905,24.0732202058312
141,30.2297159702216,38.3466238195445,25.1215875925377
142,28.1763570764435,39.9594817743707,24.1136828896045
143,30.3592667656939,40.1962484195699,23.8218195609982
144,30.8572585377775,37.9574073318256,23.432497614517
145,27.9701415332036,40.9079937348896,22.7772592324675
146,32.5097495128687,39.5147431301277,22.83602255721
147,34.5950229167815,39.0213709629458,22.6894287018249
148,36.4951944568374,39.2997855517224,22.7711359607751
149,35.887287072501,37.5239033536769,22.5757210018751
150,35.7210488319722,38.2646253118876,22.9001942835536
151,35.4512478162101,39.3997716951643,22.2213991142855
152,36.0452242119589,38.7633710889685,22.3714732085695
153,34.3426050766238,39.0416430747345,22.2369192146986
154,34.0261859293353,40.1722275516733,22.2747131018223
155,36.6379633963845,36.5081147426162,22.5681332702259
156,35.8390323825811,37.5154110881535,22.3853885811385
157,35.0658409191664,37.9919432917556,22.2191861988654
158,32.4599674336654,36.8420287710024,22.7233418850861
159,32.6340679196949,35.3928102904603,22.7759095539019
160,32.9180064522841,36.2925172917446,23.3870637627341
161,35.66385734345,35.6164464257752,23.5950546962622
162,35.6386448273798,34.8964420006986,24.1217745017914
163,34.3428539141565,33.5213353506356,23.5426935974705
164,34.5941521674346,35.5984375900754,23.9866585333893
165,35.438215021574,35.1379278199868,22.3652532321307
166,33.7502501285548,34.8202186836563,23.5172237175568
167,33.2833019272836,36.0776711390418,24.8154409520988
168,33.1714863784049,37.284293722773,24.7033945236949
169,36.5806070533218,38.478376742168,25.8653224323718
170,35.4803476629631,39.6519628354294,25.0613002285956
171,36.4898418693427,39.183632109621,26.0800926148575
172,36.2781711736728,34.0313729889649,25.3782998778898
173,35.6678618478931,34.7427142356399,23.3378912266271
174,33.1732973618302,36.230862051112,23.1112317972011
175,32.2396067368582,35.7861662472052,22.4872339036316
176,32.5867211687212,38.9917701554175,22.9685076123366
177,33.9438252057891,35.8740930640049,23.6107178936205
178,36.2049659697728,37.7262585227276,22.8766445204616
179,35.9753050002005,37.8417580886803,23.4472076385512
180,36.2050925051589,38.7055627813818,24.1620900764291
181,35.5416307031325,38.7442176067102,23.3038215474935
182,36.3051807535127,36.280199399653,23.0536313087875
183,35.7498948430053,35.360073318117,23.1892964680979
184,35.6207340371897,36.2981522375224,24.6003226765758
185,36.7048499602547,37.7241193899135,25.2015115916432
186,35.8250426705901,40.8030076635492,23.9387838401798
187,35.8810477944939,38.146941601624,22.3083607610646
188,33.5891203388939,39.4915827629093,23.3613406276792
189,34.3110352381739,40.691761788573,23.3877718670819
190,33.2006747007675,41.1983639689677,22.4758316449567
191,30.5994360393682,40.3615648563029,22.2314058383376
192,31.0854758929196,39.4052032425609,23.092531771281
193,34.0446847055288,39.1791858376069,22.699635473296
194,36.6028374624653,40.0176532758117,22.8698095747711
195,36.5425288405024,42.3880936227475,23.8921387801978
196,35.3801442449566,41.2599527031874,24.0799100934977
197,36.4287036135333,39.5546628830288,23.9758071877883
198,35.5662081440324,41.2264097166165,23.1408381621598
199,35.8946481279406,39.7922222541033,23.2588581363027
200,34.7839091596752,39.3718558833949,23.7541146632096
201,35.4476286560168,37.8684360889201,23.836176849166
202,34.6586469010134,39.6020232980754,24.1698962708944
203,37.3687763449555,40.6327520301432,23.9806966722956
204,39.463822166672,41.354511217305,24.4119760893788
205,37.4038395614559,42.23206623234,24.3868219741044
206,35.0213937110095,42.7265230847899,24.7553706810099
207,36.4758598203467,43.4749953639198,25.0000072459559
208,34.4365458185767,44.2897788508669,24.657086997184
209,34.9246480884109,42.2687505094305,24.5555604726272
210,34.9635950703968,39.7512614434199,24.1059014114565
211,33.6146591921817,38.6846984107922,24.2539093783537
212,34.0370652212176,37.8989245177299,24.450153985881
213,35.3592339037149,38.8342615358733,25.1908661870535
214,34.32939746834,38.8303078585191,24.3866490517216
215,35.2167113670215,38.1343069684113,24.6092794580208
216,35.5639782427827,39.1203257271692,24.2718112665959
217,32.8808883217635,39.1789635343543,24.6844018057442
218,35.6163564892208,39.6204900973859,24.1744059494843
219,34.7826744704127,38.8788394416869,24.8056034876182
220,35.9463158278738,40.1603101169347,24.1339988647786
221,33.9740105358428,40.0561739187213,25.252621151826
222,35.2671007283562,39.0958575501001,24.8546798532125
223,37.120480001739,40.0864111790608,24.0581708440867
224,35.1430071646644,39.1624242825086,24.1116532447761
225,37.1746193614866,40.1204665902594,23.6702797860855
226,40.0974399366381,39.585225047294,22.444799885197
227,38.3456555247182,41.5887355074812,23.4410092679817
228,34.905928778122,43.8192001959699,24.194014530363
229,33.884497675884,46.1860408584777,23.5700195568064
230,34.5005424460105,46.3066992831329,23.2751437646601
231,35.1647183848059,46.1455251633037,23.5449680457357
232,35.4713921275306,46.7146840518827,22.7525269906588
233,32.020834620861,46.7173564270061,23.182285867513
234,34.2473606598572,47.2963748886772,23.0320269045644
235,34.0046244787372,47.6567591816606,21.8530665092577
236,34.8980483028333,47.7876859951913,22.331373720438
237,36.1659677547804,47.2445031824206,22.529129975646
238,37.0152744435666,47.755564859998,23.1492960471227
239,37.8860814260249,49.1329111875653,22.9587008076054
240,36.6575469016295,46.2182481618456,21.8834587298476
241,37.8716312189437,45.9623295403352,22.5698417806277
242,39.2579378785673,46.5624500451655,23.3761426328371
243,37.2523604805839,46.8720045184041,22.3133077447703
244,37.9456595990901,46.2679430920965,22.1449988617283
245,37.536727961194,46.2127379807582,23.1237785851783
246,35.5528903957108,47.1655227555415,22.9672614863999
247,35.8413425792244,45.7699072808421,22.2495713015908
248,35.7662515576698,46.8744130445711,21.7821007362499
249,38.6635195033892,45.5757754502293,22.1743660531243
250,36.6197451772898,46.6083535910773,23.1418147769026
251,35.5497219614797,45.9136377355434,23.3976403219207
252,34.7222423767822,43.4565572104002,23.2215557367
253,33.4985335928501,42.7159420585717,23.1981718802495
254,34.4856573361026,41.6907498846268,24.0802540144318
255,36.6382623379039,43.8145020731177,23.325603039279
256,39.4847434832746,44.8233042960163,23.4126486152154
257,36.6951710514568,44.8860718605735,23.2219444889308
258,35.7445197255505,44.2552058666454,23.3312795647918
259,34.4091190181562,45.449296539617,22.9722274167694
260,34.2875270689319,43.9971626685851,23.0285808543536
261,34.3861192930169,41.589685120599,22.7818527016987
262,36.2316509748762,40.1573694387471,22.9858596547552
263,36.2300129033351,41.6744099711268,23.5789777436881
264,34.0232215661976,44.6817760524324,23.3418256992424
265,34.6869620616557,43.7333937304439,23.8112714363273
266,37.2822695237107,41.1018827711534,23.6088013431433
267,37.373319660669,43.541042062287,23.9966615004081
268,37.6049909721151,43.4004268067152,23.7085380198441
269,41.7559202497409,43.9153050246421,22.9314721030191
270,40.6600697973933,42.3452970507748,22.4276192430266
271,39.1023422770093,45.7993965637403,21.9529501968047
272,38.5876432516815,46.2542257453075,22.05968012265
273,39.5860233234647,44.6219128896698,21.5830482655684
274,37.6656766482073,45.542064887405,22.5662330868523
275,36.9775864384225,45.0527470352023,23.4423328832194
276,36.1350272491653,46.0139157872114,22.6225679333533
277,37.2963680396512,44.878703906087,22.8593905010109
278,37.7486911236122,44.5648414744697,23.1219266550062
279,38.7100753921185,45.4580414288663,23.488867685559
280,39.9085020765048,43.7188880957077,22.6421948036116
281,38.95063463718,45.6586317788859,22.5249851044913
282,40.8755289262799,43.9803316238087,23.2603495307353
283,42.672878401688,45.0296013671431,23.1542881187154
284,41.0523405419455,46.5875803595868,21.8239884635337
285,41.1611157975748,46.6525752671263,21.8858764577243
286,40.3767909467582,44.6190778867171,22.1313749150172
287,41.6863323196911,43.6590275613719,21.8917253679934
288,42.6831757874955,45.2291666058142,22.9422418614401
289,41.926242113709,45.4682352835983,22.40480890433
290,44.5961770542307,46.7550008229008,22.8735720503935
291,43.4525542510229,46.5611381530609,22.5649564434636
292,43.2196062000702,47.3268011590685,21.6448717609318
293,42.6707985664559,45.8904944649536,21.9258996957817
294,44.071117092921,45.6971411275697,22.6560820539252
295,41.360718929575,44.4725292952044,22.7183638430164
296,41.3777422448878,47.4907757704703,22.9267825304528
297,42.2765929705047,47.4279246150871,24.2883089682276
298,41.8563956882561,46.8965261034945,24.416309210064
299,41.7640462766697,46.9991188546386,23.9765955149009
300,40.3605893808083,45.023541538476,22.9028605542164
301,41.9105897766,45.3720544392903,24.1513759358562
302,40.6443133159291,46.3805829951193,23.4831262308032
303,40.4509382195273,44.8222626921666,23.7581672085681
304,43.3140098600036,44.7246179920406,23.3134800734061
305,44.2555966816664,46.4143492805474,22.51435952205
306,45.7826466562813,47.4996290227556,22.6358966070508
307,42.2356458078784,46.858044815887,22.957179077511
308,43.5790284222227,44.8914437307762,22.8468164659611
309,40.4786189112045,46.1080168998079,23.1733697826536
310,42.8039634583659,47.196798199716,22.8930216044812
311,43.0835168450128,47.5028804925481,23.4829392857463
312,42.7711161385317,46.6135637586794,23.1726827575725
313,43.0743685259545,46.2148554554762,23.3528890055848
314,43.0721128408211,44.4671160616807,23.7736760864657
315,41.8560132996503,46.4659926520039,23.5390962675663
316,39.6557158227886,45.1805979435251,24.5797969297703
317,40.9906249084997,48.3876493446724,23.8525863876735
318,40.7935937830475,47.715297072646,22.9135255632451
319,39.1532237046691,45.3737581001405,23.7214970874176
320,41.3869822049636,45.7005800730635,23.1954996602891
321,42.9438105592215,47.5648344513696,22.6912275667986
322,42.7326426574071,47.9164455937159,22.7712622911076
323,42.574171684307,46.6440554853579,22.8487041952584
324,42.3747471461591,47.8375496285199,22.9469623503005
325,41.2298703538403,47.006414405943,23.3087942342301
326,42.5605931319747,46.4835051509147,22.8409747173332
327,43.6955191857557,47.5847661274484,22.7567312861989
328,43.1482419236402,46.9606434383211,23.2797282369611
329,41.3274033090874,47.6598577767238,23.1729923538111
330,41.5212337061944,49.3783509253615,22.3710986437646
331,41.0415820585183,47.3614105208465,22.6432065702945
332,41.1163501445432,48.6245115020335,23.4187817103861
333,40.027902213356,48.4299273816635,23.6768708535722
334,39.2519460733639,48.8146498597176,22.1365925693177
335,38.3119185252147,47.4558980974775,23.5142499344158
336,40.3655977011911,48.7425764927889,23.1458511426573
337,40.0073902160777,48.7283185577771,23.2926881453469
338,39.429614234723,48.0439064844956,23.8363411672903
339,40.2694239165194,48.0902843136751,24.0980143591862
340,40.2500928776646,46.437383873546,23.6490519593388
341,39.7904914814945,48.0972631994015,22.9491865458162
342,40.3991402311708,48.6283333085105,22.9465995895494
343,40.439430758217,45.6905910437324,22.5384964167913
344,39.9631804225568,45.9631465220414,21.8442845376661
345,42.3401391197125,46.6303209335312,22.2247477779794
346,43.1837028653491,47.3201257529189,21.7384976982329
347,43.3248834800325,46.2549029380319,21.5335053816343
348,41.4481306872378,48.1405340379383,21.693093940365
349,43.1874892980588,48.3478027461043,21.7057536441807
350,41.226323465875,47.3924675457114,21.5511145505082
351,39.6892513312772,48.6694664247754,21.4918723574801
352,40.1250468453093,47.3050444863327,22.3514160193946
353,40.4055387241403,48.5248870926167,22.4038731770689
354,40.1388483993181,48.6229797291373,22.2984023293891
355,41.128131687989,48.1529384000561,22.8958492684018
356,42.0420184444195,48.2938528246971,21.3527521363516
357,41.0982617336867,48.6561243731064,21.1457424916898
358,39.9618878457447,47.5254585330063,21.436473037852
359,39.2802405246573,47.5421025655116,21.4468758116147
360,38.8691209865111,48.7185901055338,21.55863667991
361,39.3313583907912,48.5185193489494,21.490141810717
362,42.1423103538746,47.9228756267963,21.606395452004
363,41.1302562985042,46.7478493269274,21.5909164272781
364,39.2549293846108,46.3165740172622,21.42730577796
365,38.6483844975825,45.784889020911,21.2179292401062
366,40.4900755125084,46.5002041485621,21.3217700016925
367,42.3824576922648,46.1900275147007,21.704352047631
368,43.0291206088343,44.9124989706425,21.8991175279078
369,41.9695773394521,46.0411471777238,21.5641587951984
370,42.6343443538429,44.1742244316017,21.4188461291703
371,40.0331916030325,43.0606612160148,21.730402672317
372,39.1154826147398,44.5132264921191,22.0102399673363
373,38.8822492746491,41.9712690223662,21.9371266278867
374,41.5576973850524,38.9631205136781,21.6031330097415
375,43.6028397458733,38.9995486871574,21.3673667338605
376,44.2426487485446,38.4556647158414,21.5449549828058
377,43.7673234050127,39.6517806105064,21.5528020883901
378,41.5727595283279,38.7086290901265,21.2953425316343
379,41.013383114469,39.2629068054026,21.8261907456547
380,40.855065932294,40.8585570055599,21.5821097708583
381,40.5742387010631,40.7773551410029,21.1772485723274
382,36.6846354803553,41.1274686443073,21.3445372214394
383,39.0202358806469,37.8762131642632,21.8216928031291
384,39.1479563499582,38.132107333273,21.7051808943281
385,40.9577379073364,35.9696893288194,22.4462291142079
386,37.6623477522244,36.451090071499,22.571814877252
387,38.0130775788579,37.717335621822,21.9370844375572
388,37.9975826764218,37.0049813228059,22.5617714114773
389,36.8783858399018,35.7905343114386,21.4779472133352
390,38.0473339555723,32.4301238145758,21.7323256967147
391,36.0040547038181,30.9503899748763,21.7930809154695
392,34.8832407807061,31.0090983425025,22.0328472776474
393,34.5908711544299,30.7319996779707,21.8393113748913
394,37.1492218927827,30.0321436424539,21.5948477392909
395,37.1180887027952,30.1297697113258,21.5931302407249
396,37.1749091550783,29.9576056474106,21.2813844406745
397,36.1115223231917,30.0087042833747,21.9763343392122
398,37.4925425837508,29.2644492578446,21.515645173867
399,36.900705346956,28.1852628991286,21.9421979836384
400,38.0208368412076,28.7009717016657,21.1418835052431
401,37.8083243127383,29.4929563019834,22.2220901535255
402,41.3371844380338,28.5200193139302,22.7343973657966
403,40.659674406829,30.5768429257483,22.1916856492292
404,40.8078848648755,31.355726799245,22.0099743096788
405,44.2932004548061,31.7123310593968,22.506713389633
406,42.7382184389208,30.1346077166105,22.4464265376269
407,41.3622074818007,31.0209341227753,22.9264401305684
408,41.4546642051056,30.6345571750721,22.3474675007272
409,42.6794813147039,33.8631013395381,22.4051468268566
410,41.3943237620481,33.9358129542786,22.0182724549679
411,40.5710181079272,35.5188209821489,22.164738784916
412,41.6223224326441,34.6437704791782,22.39170156781
413,41.064685850727,35.6515604083398,22.348125296087
414,42.8673200045303,35.2021898485653,22.0555664402399
415,39.6959740698018,35.9135666349618,21.7472409751524
416,41.0207297921353,34.8305748448571,22.6991434413576
417,41.7701941680951,34.2960026265596,22.3613339735487
418,38.9614100855719,35.0973623054032,22.241991791085
419,38.8322359861432,35.1501981915393,22.474695504257
420,38.4170131614343,33.9800716656094,22.1679770022746
421,38.8244114268874,33.4871668567284,22.744458621767
422,38.281943118605,35.9864709510186,22.0619269819728
423,38.3249157276318,36.6567383818204,21.8355033920573
424,38.3604468235753,36.7478168689158,21.8983746931265
425,38.3480209918442,36.0727891085909,21.8838991266096
426,36.7855093149505,36.505208586683,22.3321149842325
427,38.0363339946766,38.4234753322274,21.6413253160795
428,39.9434892206091,37.4954157293784,21.9573184412699
429,42.0357864776374,35.7617045452342,21.606642018522
430,40.1911704637743,32.8317372562672,21.4180410856406
431,38.6227579380834,31.5850095670414,21.7481603484261
432,37.0196829778505,30.7775158158321,21.8654413648142
433,37.936335934046,32.8381107646791,21.8320933874799
434,39.2630481959615,30.4386710900899,22.3948700142399
435,40.7892581521561,29.8407420127248,22.2321904216782
436,39.8857154289119,32.4824686687232,21.4947267554536
437,40.1474367655225,32.3895120522109,21.5956503860232
438,40.9205110749368,31.9361508595307,21.8810295174116
439,40.8881410246532,32.2942676515735,21.4124377252947
440,42.9745299996326,31.1239443623522,21.9617602587657
441,45.3541152578625,30.3940742398397,21.7942016335601
442,45.0226545999665,30.484277148951,21.601193574828
443,45.2523695103722,31.0116952317235,22.0847911622928
444,46.6543752235888,31.8943638830472,21.6720556410641
445,44.2587913846386,30.8917018281664,21.8536505985715
446,43.2204383372839,30.3773889096535,21.6426435181559
447,44.6399330673547,30.8174544316071,21.4009095738881
448,42.152633420679,31.2313620809907,21.5269136345339
449,41.6210093960302,32.7897428482174,21.4022614842344
450,42.5237405473819,31.6775176182447,22.2479391650885
451,41.6572447286153,29.0742988350628,22.0497867369113
452,43.2297208060992,30.7641047554156,21.6270093295521
453,41.2883023640603,30.6206771714208,21.1999902772427
454,40.04360078703,33.6097305981195,21.7193662213213
455,40.2089755925903,34.7910594275667,21.562166165815
456,41.1645047659729,32.2071407724304,21.2149920176582
457,40.6715769023874,30.2715945767256,21.3412845459105
458,40.0742046169851,29.4339710883754,22.1977880836199
459,42.4668343109149,31.5472505336373,20.9271328429733
460,43.6426008024005,32.2544230087108,22.0690729119882
461,39.6519946526389,32.4829855933785,21.902574831482
462,40.4037866534114,32.7110124127266,21.7981872060335
463,39.6136324569893,32.4898489205991,21.4734475029264
464,38.4849352587669,32.8824198297635,22.4378413408819
465,38.0530472748198,32.0263407214054,21.5970753736735
466,40.6147658756132,32.4760331607811,22.33383885807
467,37.8746221794335,32.1480944649334,21.8683052882646
468,39.6863259561101,31.671661680635,21.6885715561914
469,40.2612902772086,31.5073107057592,22.0224299741666
470,40.2456333427282,31.2919047133344,22.29920107084
471,41.2488794739019,34.0132550845357,23.7970050368133
472,41.115601641934,33.0734673979118,22.6634310279255
473,41.2017844991595,33.3776377018193,22.2692013024236
474,41.1510945824789,34.0362598541165,22.8954856421173
475,39.4143676500281,34.8080164171801,22.5352743998121
476,42.8354111893596,34.0942268044938,23.0993734686912
477,42.6321605968261,33.1199432293552,22.8152865266012
478,39.9852143437563,31.8416867886993,22.9655731616474
479,40.4462741047367,31.2880743497525,22.9540792823663
480,42.6385352000564,31.1560371884747,22.6453602125852
481,40.842838508728,31.8227933073109,21.9726693009546
482,40.4141244044548,32.8031251112779,21.4320720398126
483,41.3927506323419,32.9260643405364,21.7633156159897
484,43.2489208495343,29.2842890648408,21.4925735926826
485,41.9830210777742,31.2034077259108,21.7562790457223
486,39.173038546715,30.8429892234027,21.7583891147314
487,39.9827263322691,28.6540555457125,21.6245830773587
488,38.2746576124992,29.635885156248,21.5448042067792
489,38.2880917188455,29.3396762055024,21.1823319952647
490,38.2471976012347,29.3272315726186,21.2665261801038
491,36.729199441372,30.0265583446719,22.4662598150583
492,34.1983864262192,29.4475600264526,21.2781152835871
493,35.7046308117702,30.2980775573455,23.2073934697356
494,35.2016856171606,30.7412217802293,22.8259407953856
495,35.394640775551,30.9073656412203,22.3458011534966
496,34.0745225867699,32.8193808095518,22.5225232962327
497,35.0921220318444,32.6459372256581,23.1746988795114
498,36.5303146182266,33.8615394624047,22.6099135134436
499,35.7780554992931,33.0552790037546,22.3645720593314
500,36.7627775404798,33.4498653377531,22.5074426021166
501,35.90686610365,32.6629052363501,21.9901518425777
502,36.2169828342592,31.6781496355654,22.6750687499893
503,38.1559734537505,31.8733361396446,23.1077531039229
504,41.7567979605331,30.8161653235616,23.3458510997302
505,37.0956236194267,34.3832605933359,23.0797991696827
506,36.1190080351707,35.0318171895484,22.6734706914197
507,36.8078594074431,34.2727914852529,22.6793254798477
508,39.1727418167915,31.245029490327,22.509700910241
509,37.8452530459363,32.0394173203751,22.3102409287248
510,37.2348683975777,33.2241828786944,22.2767202850291
511,37.905755407129,33.8651051380871,23.4740449898268
512,39.0731549586506,32.7840818190487,23.6323382939866
513,40.6889337244803,32.7495634830853,23.5814240660227
514,39.8347054196779,33.3644738004823,23.5051697866451
515,40.5773379669897,36.0351618996345,23.3392763551833
516,41.7482392880026,34.1533597402065,22.8529392689775
517,43.0308813143629,32.7699604199496,23.6680939214312
518,43.8981551056948,33.5588332215453,23.6315975701623
519,44.1212644524196,33.9744095923508,23.8063427540377
520,44.2674710456977,32.3833890993161,24.0789381560588
521,42.9027817682387,33.109891191273,24.0181082527865
522,45.3534372548053,31.4272655623313,24.0830695884679
523,42.9624955952269,30.9557948150242,23.5639282517866
524,43.0585943692437,31.6673776473703,23.5094531802337
525,41.7252167775874,32.0836496442215,23.2673681992281
526,44.0722163098429,33.4988735027665,23.7824765360904
527,44.9675493698937,32.8655336740328,23.8111352642809
528,43.4053928120911,32.530358337253,23.6267127786781
529,44.7318770798719,33.250042848662,22.923093435977
530,43.3370833606425,32.6983062140523,23.0698721119274
531,40.7754133427692,32.6431767653851,23.8510232404278
532,40.5217627533764,32.4096322867961,23.0704536898359
533,38.9678172076353,33.7973122300318,23.6445250454196
534,39.2799308748226,35.5504602370342,24.0289176390049
535,40.2563737194438,35.0736952043853,23.0984470361052
536,39.9266972842314,35.2997442524962,24.225044179948
537,39.8710082410804,33.6492167773366,23.8091962214377
538,42.1877406014371,34.6155073676234,24.3351581773384
539,40.5969563702677,35.0168091292372,23.5717822173411
540,39.8572732041706,33.5192247328325,23.1983655333424
541,41.6432677459951,35.235374787662,22.8377473680424
542,43.4969903051364,33.5768915196766,24.2362284758424
543,40.6258734718201,35.117346240688,22.7244283285902
544,41.0707848815739,36.4674230166551,23.7839797314331
545,41.4169611754206,34.8323491076329,23.7443571880078
546,40.4020945409642,33.3960885642805,22.9992280499063
547,38.3638363869677,34.1822710996897,23.9919088292388
548,35.9626820552779,35.5256859370025,23.9373297329855
549,38.2420762205971,36.1616613990356,24.6607779515242
550,40.2940662271995,36.3952558442533,24.319659716783
551,39.9244648233062,36.0210282927326,24.8247108578994
552,38.7576143791604,33.2338301963312,24.9743804942441
553,40.4348168710409,34.47466249371,24.5776160226049
554,38.5843679124277,37.5537444679594,23.5692902383028
555,37.3551361193734,38.5453384791253,24.3857525361321
556,38.5287911193001,42.1939559339784,24.9665153798038
557,39.630618611981,39.9200118332246,23.4901367022045
558,40.9068776891451,36.4766775278693,23.8296169001046
559,40.7254923266826,37.1500733843663,24.270744519207
560,40.4012304424767,37.7275907957786,23.0349797545912
561,41.2350665542259,37.6842496128486,23.1233327922407
562,41.0918073682821,37.3637298268541,23.5385800342292
563,38.6805424185379,37.0817507685896,23.0481404788712
564,37.8260943430082,39.1361918818086,22.9257595111654
565,36.5025609517914,39.6715174676195,23.028633606733
566,37.996201309681,38.7412929740985,23.646451576841
567,35.3750385395064,38.0012790561169,24.2126096463149
568,38.7896834408831,37.213477727299,24.9448665831045
569,39.2910730980771,38.9250353919384,23.6809399917933
570,38.5266808287156,38.4329570557797,23.3507590054635
571,40.319553740131,38.781479637084,22.1483720993013
572,39.3307757659984,38.0405784312132,22.4642884976728
573,36.6975073918295,35.5878218575069,23.0536416640514
574,39.6298836583546,35.6993040610834,22.8651369539688
575,38.8206113154595,35.8804232774396,21.8576492455028
576,37.1376386099068,38.1440204883966,21.9384875895947
577,37.6823132673229,37.5871517592097,24.0781309680141
578,36.8040395071542,38.3645031497758,22.1816030952769
579,36.1313154514093,40.6512838841768,22.1447579510343
580,37.7509791681239,38.0091883935313,21.8122016596986
581,34.4702933488073,38.9522525219183,21.9611413220391
582,34.8594713322809,36.9014490388766,22.018861979318
583,35.1405551028187,36.8455009360167,22.054232375093
584,34.0253179849066,37.4640776324978,21.9950181969711
585,36.6579271676873,38.6496332039725,22.0224314850908
586,32.7975230114788,38.034181436231,21.4788836222734
587,32.6353687091171,38.2758902093059,21.4710391099021
588,29.2125394970765,38.023218775795,21.7485115914761
589,30.2505583169791,38.9247979057177,22.4033712478509
590,28.9334552423444,37.9721803930711,22.2826876562957
591,26.8697345378318,38.9660585762322,21.8656900056678
592,29.4995646021777,38.3364144666881,21.4970674816438
593,31.3255706243383,40.5362849112652,21.4237943468515
594,29.9425883596156,39.5144304293026,21.5260314469078
595,28.9605545651353,38.8954590760706,21.5406090592359
596,30.8790986346454,37.2108755120659,20.8510196913619
597,29.5076563499125,37.7040373064213,21.7971648183459
598,30.8423271718172,38.0474899399891,21.0448409661789
599,31.0772486614579,38.7124300887816,21.9606258271514
600,32.6021182237338,38.191723369834,23.1178662211388
601,36.7747235160201,38.6753932274706,23.0591692228484
602,35.8650078532143,40.4809243605432,22.9985915084669
603,35.8938515807467,38.0014563893544,23.4554361207405
604,34.4041386997076,38.7425996122836,22.5412560324319
605,34.9226747873788,37.2913501549595,22.3083898256311
606,35.7434094545981,37.6076392901887,22.7546875966265
607,33.0605981116652,37.2168882538367,23.3885250632045
608,34.1445875477175,37.5569162721879,23.2054066524118
609,33.2261778271711,37.075907627687,22.8792068513095
610,34.6749673797241,38.2348575132629,23.0018963808693
611,33.0705844307488,40.2629429047103,23.3381886997878
612,32.6652654120998,40.1210426957969,23.0058430503279
613,35.0164350654807,41.8703875930564,23.9271344170495
614,33.3696337938583,38.2722060177674,25.4071205558556
615,35.6065653330288,37.9965814339819,24.7099379625659
616,35.8296982772059,38.9258282940304,23.659853586572
617,35.1507806632131,40.7248714562087,24.5328568499367
618,33.9301569224592,39.1952106045415,24.2275075768032
619,35.5741418080193,42.2684085510451,26.2370753920992
620,38.0633763217728,43.8165159109562,26.8830339748305
621,35.6600495700087,43.7285172330588,27.072818119316
622,37.2905178025842,40.7594726580312,26.3742933943823
623,38.5531832074591,41.7073356570094,28.1113262788011
624,38.2950512852862,41.7146474318229,26.5800305387778
625,39.1267235858497,42.6234676377194,26.4377396719475
626,40.3005712147744,42.0129575072921,26.4126446939071
627,39.0843465319033,44.6252710300602,27.2311030214845
628,37.8136058589642,44.3098127722888,25.0766463091714
629,39.6302865871003,46.3438946098624,24.8372085930755
630,40.3208724193068,45.9944072407178,27.0384945497652
631,40.6711129148689,45.0009631424794,25.5312742440368
632,38.9306217783527,45.1128509526361,25.9594191220682
633,39.731104147047,46.7422373582223,24.8378083163519
634,39.5065402226367,46.036534378046,26.4719330222257
635,40.833568856602,46.4625561944746,26.2519129647373
636,39.9060102109029,47.5149162466403,26.0095091436647
637,39.0746382558302,42.365872772258,24.2902237652508
638,39.6104171158756,42.6604186133868,25.3450658019038
639,41.2400964262274,41.6819308348756,25.044056494561
640,39.9706164852856,42.1465150139268,25.1565202790713
641,41.5154273459011,41.5171153833605,25.6826046176277
642,41.2512288896977,39.1572093208357,24.4157005517202
643,42.0416567487698,38.3632039342848,24.1259140685635
644,40.3168134705527,39.9076132923398,24.344729638444
645,39.791158313089,42.4749856664958,23.8358779467628
646,42.7080057916585,39.9249967133089,24.2176884312251
647,38.7100692297628,40.2884171178892,24.7196736230175
648,38.3457433661948,39.9314642600382,23.5825641907409
649,39.9472645077748,41.5327531155792,23.8179917682348
650,39.8609810023538,39.5215787005759,23.9407566146919
651,40.7405390499484,42.5258526528776,24.4699473222264
652,39.4274900890376,42.5923888215818,24.4815138606418
653,40.701504489647,39.8946446816152,22.6177543135226
654,41.0357850643451,41.0139651999297,24.243371798189
655,41.0933478113496,42.1047040363936,23.6769798320703
656,39.17806978165,39.0222047010775,24.354747790899
657,37.3670046433764,37.2134508993281,24.3232204917193
658,38.9401281729452,36.8291829944043,23.8381994529718
659,37.9111413354109,35.0559148552819,24.1654712418186
660,36.8661433545173,34.3538053389626,24.5115032109514
661,37.8873480921083,35.1647272442531,23.1120537462555
662,37.7625216565346,39.6609280614975,22.852307002514
663,38.1825580423627,39.414096259912,24.0021637485529
664,37.45488994725,38.6149224984394,24.2771648268059
665,40.6385238883191,38.9560190479814,24.4111610197627
666,42.4274877181017,38.8662321316,23.6689870172923
667,44.542148325786,39.3556197326307,24.2976371211266
668,45.6431027067982,41.8730817409811,23.5080292539593
669,43.5473921788001,40.3833388028316,23.5376303391737
670,44.7262178264575,39.7489579839869,23.9995126954329
671,44.1494579465957,42.0871221192635,23.9243777386166
672,43.070673427784,43.1372713872933,23.4029336829012
673,41.7755175711244,38.4868377006507,22.9774229924243
674,40.2779600013705,36.7961122414453,23.3264017339777
675,40.1174067413744,38.5330124313881,22.9177037632136
676,40.5260063711372,39.7402533069064,23.2677481962891
677,41.3901266554663,39.9000274194348,22.8324191436218
678,40.6745407963023,40.1538760628489,23.6259526251932
679,40.5852645586702,37.7929310201192,24.5067435255623
680,42.7073466931315,38.608204484016,24.3529250274299
681,41.1640424476719,39.3405491519565,24.1449467586343
682,39.8210972696716,39.8829277180513,22.4789180565879
683,40.7828517275879,38.4860742751613,22.9096991846944
684,37.6377495037609,39.8639034118756,22.9662161046708
685,39.0375388518841,39.0091476458756,23.6371291641676
686,38.6086737043692,38.4115994690288,23.2997812443234
687,36.8910836944481,38.3721274570686,23.1085070389021
688,34.6415515095557,40.4402322730205,23.4318583481028
689,33.8195526857496,40.8296600721989,23.5288339005477
690,31.7912619671315,37.6356279551798,23.2455785498026
691,29.2903971833398,38.0769236618489,23.5343603880282
692,29.477250443637,41.7858408213059,23.7984582172724
693,30.1307682468259,42.0809276051114,23.661666292612
694,31.1346412960993,42.0661803006583,23.3867302642625
695,29.7438627280218,42.8573917263132,23.4330347989503
696,32.9151349958503,43.1325850033334,23.8076908090715
697,32.5657396989946,43.3965045290299,23.2814670950436
698,31.9775285835298,44.8706921085722,23.2777419921636
699,31.9790811747165,41.4112074279243,23.6159648358746
700,34.5229272589061,41.0977842026217,23.9138610593307
701,35.2861637230258,40.1056751902004,25.0029517354079
702,36.6026543038382,39.0426975406552,23.9625373735192
703,35.5812507731656,38.6718167183286,23.4710709422812
704,36.3460870798806,38.0044871622462,24.3162604641175
705,36.656475514895,38.4904210356046,24.1159490034881
706,34.3557687535631,37.3647613696487,24.1550300934814
707,35.1899090636041,36.2976907622966,24.0735210745092
708,37.7755273326828,34.6710203876382,24.3442497695712
709,36.3774399621897,35.7745220801729,24.9696341522812
710,36.8702636287474,36.4847839851367,26.6622962744488
711,36.0461902672642,35.7581162101405,27.7292574627872
712,37.3623160543316,36.741849113135,26.71059058931
713,36.6588622982481,36.9174201089705,28.8830976065863
714,37.3320823323353,37.5233093723058,26.6979632090435
715,37.4565030297634,38.4323936835374,25.4395345363727
716,35.1027102740473,36.5853338524954,26.2086293179875
717,34.0134034236933,34.6632761284382,24.7816362772777
718,29.9667672266769,35.1444018496623,25.8255489719279
719,33.0722048011272,37.1990381289507,26.3257430325247
720,34.9252326762984,37.5514251390571,25.7752024675839
721,32.6344591382598,38.4746088670154,25.0583295219875
722,32.7732476759425,38.1174436719794,24.006215461259
723,33.5813951025202,40.5086129541861,24.6157521433915
724,33.9120359229746,43.275284228201,25.5169978126131
725,36.44014012827,45.0797578728227,24.3971516572358
726,36.4270843882534,45.2650082048607,25.1263334262061
727,35.3820011809947,45.8706256566754,25.7470580544481
728,34.3422690778378,46.8403047867629,25.6597197906926
729,32.06885123169,46.3975498803783,26.2536920765005
730,34.3540175311176,46.1653163579644,24.2756742847126
731,34.7239245734432,47.0689556976129,24.4235128082295
732,33.8390437015491,47.7432461442635,26.4424487927741
733,35.4380840324032,49.3556861829088,28.1831676431149
734,36.883076839891,49.1165997275505,28.0611017412052
735,36.1901056286582,44.1748307944868,27.6177486523359
736,36.8764942536906,46.2303686940809,27.3621589711821
737,36.7366382896915,45.3938990722893,27.3163506409273
738,37.5424305304685,44.4525588309359,28.3911217063926
739,37.9424776374549,46.5814177096373,29.6551078636643
740,35.3442468689621,45.1816403051903,27.1036526467158
741,37.0809385825889,42.143106844073,29.6602906222933
742,35.0047400443369,41.1844700089967,28.7896343002738
743,35.1485262811726,41.5042195913703,26.4392666889744
744,36.0492692967758,41.3055492626582,28.6906870763175
745,37.4871322238447,41.7130504761566,29.6643231989864
746,39.4795152066205,45.2129250335766,32.7365305344354
747,37.8189916389234,43.7407562500148,29.2363917110629
748,38.2184863803699,42.2891299133772,32.0622456912367
749,37.651861062791,39.8213624602214,30.3129774428003
750,38.0598266272343,39.1518634639187,29.8170471840666
751,36.2248335763205,38.2973791326287,27.4352544935612
752,34.940844857989,40.6647190851769,25.0271224653757
753,32.402597136755,40.8799561829643,24.7755548459348
754,30.5298345119636,45.7174695957821,24.5073440009276
755,28.9697869960851,50.309323658763,25.7447194521714
756,32.9874679911861,51.5497665752947,25.4410111132729
757,31.8339629557173,53.6966497789132,26.0975350529617
758,34.1421826014937,51.8130598114018,25.9625499971295
759,33.4090317380507,48.2935275329971,25.3296357706515
760,33.6502193785726,44.6315159084002,29.1988332585148
761,33.3515517118652,42.8530508798632,29.9279125683648
762,35.5597708238091,43.872080361537,28.8709561051059
763,34.8913974911613,41.3399076861653,30.6892732242667
764,32.6699389233727,42.1125399513673,28.6737556621513
765,31.8667266763339,40.0073567160541,28.8443523458041
766,32.7463400643618,42.1101660847965,26.055608109764
767,30.9399265671306,43.4364978098126,25.5587666395019
768,31.0910174924607,45.5909432192478,25.5387338406452
769,30.2872436181295,49.6316400976071,25.1399653490706
770,32.3077256082211,48.1235703976669,25.834099272882
771,28.9480938404858,50.2475431757117,25.666939093089
772,32.8690330336636,48.5331496241749,24.0834146756233
773,34.7245778071012,48.3782195330135,25.4556677306749
774,33.7777041721484,44.8579869692103,25.0606787660465
775,34.8168774026421,41.0909417744144,24.9401809250419
776,34.4984926452491,42.2152896612073,24.0860377558395
777,36.8116078438045,44.4278116869316,24.6553572699401
778,35.2122913798748,45.7950499289499,25.7134776614918
779,35.840718814485,42.8988077419902,26.6963441389131
780,36.192711019352,40.5843590827113,25.8103277000358
781,38.5069477129568,37.2862946168953,28.7957381247218
782,38.1718694654251,35.9201866584867,24.4903638857772
783,39.3392494241967,37.3565882881598,26.2983728444371
784,40.3381480211853,34.2665362354538,23.8958935370697
785,39.0815738609672,35.569176990879,24.3196515291726
786,38.0714698161282,36.805179951397,23.797528229009
787,36.6429021177763,36.4790407356001,24.3681701062806
788,37.7653483850577,35.8561226135444,24.1757682606345
789,38.5529797932147,35.152082490449,24.8629824215725
790,33.4449579484021,37.1771767480852,26.5634431863225
791,35.3246257862263,40.1136690554874,26.8152509342377
792,38.33149100757,41.2452444902281,25.5931201639165
793,38.9231481350724,40.1740787379748,24.9705445758818
794,37.7633837492946,39.9040439239298,25.8158683134806
795,37.1945251058689,42.3678880317693,26.4382966977519
796,36.3304266688798,42.3549883437204,25.6768247151904
797,35.2559959466042,38.9491178495917,24.1223016888013
798,36.4649506897841,38.0024587196862,25.4527914474409
799,37.3172421318579,40.8532243513643,25.8434105405014
800,36.8035958358112,39.4956886968995,26.5162181703269
801,35.2985400544092,38.0806179394375,25.5421457437082
802,32.8707615038721,39.2651496433902,24.7151734823697
803,32.8139433030148,42.4234565522934,25.3410742210223
804,35.7137164491892,39.6891152908215,25.1532939377458
805,33.2588412590989,41.3119275018229,26.8938557145939
806,32.5903764703161,42.1267538872678,26.3618201233429
807,35.5907107278115,42.5848365251649,25.7780634487698
808,35.1007638921252,39.9167087113581,25.5835011245529
809,36.3081817820258,38.8035195974081,25.4382402586337
810,37.4208989402056,41.3289470500528,25.6953509652524
811,37.6048847974321,43.6288754778198,25.9495496304744
812,39.0362155872153,45.1826564897931,26.4220163127659
813,37.4948993588741,41.7235807956474,26.3869400300746
814,41.1511410993564,39.8338678764135,25.1503017100465
815,39.669981319324,40.3846204443446,25.4677425985187
816,41.9140703724488,42.3690782795955,25.1683790074143
817,41.6171100926706,41.9782935351546,25.3753021858105
818,43.285226495954,42.4785742286649,26.2172041384509
819,43.9156854705029,39.0610360635363,25.5929002537487
820,44.5118283534698,38.5141644372714,25.1695871090236
821,44.7847188649511,36.6499093363046,25.3444774417729
822,41.4050700957437,37.698518902987,25.9909426317773
823,41.9383832802132,35.8472598031803,25.1654562228051
824,42.3200799536866,35.3199761563755,24.8295393839049
825,41.8952918027898,37.1359366046861,26.2253302595276
826,42.0485724029566,37.3691728738894,25.4423696744326
827,41.4975804940384,36.0256447932759,26.3655820208039
828,41.1759879153299,36.8905424537974,25.5232646648406
829,40.124098732285,40.6033832344043,24.3114978845247
830,43.1099635561209,40.0639115584808,24.0524666897664
831,41.2010247551269,44.0829272147235,25.6862029905188
832,41.8748606411965,41.9351363119045,25.1153541030721
833,39.4314353798267,42.1127250794724,24.6763532032675
834,38.3215790389741,38.7822371679876,25.2491363161211
835,40.2003223084396,38.5338698493027,24.9050565243205
836,40.305884211892,39.2358682237634,25.7153376726843
837,40.1353698556299,39.1097395287568,25.3123169035766
838,40.7750072080395,42.7237382162852,25.186826788864
839,42.4104488639027,45.8258321399725,25.227329822955
840,39.7821261852597,45.2540181426059,24.6696394759739
841,37.4673940713804,46.0214898706416,25.1142200034574
842,36.6323851554139,46.1125233679662,25.0610801530691
843,39.9886670473218,45.3149093952689,26.8398953678106
844,40.2486417547787,47.613181877987,25.3707820581405
845,40.5320552245999,50.8222708244646,25.7037530672559
846,40.7905419826955,46.1100150258193,24.4800851213875
847,40.2287789947953,44.2190540352658,24.8148072324758
848,38.8449528518102,49.2931050083174,25.8229860905381
849,39.7149929115504,47.9649728640206,25.8452985405024
850,38.2103400994229,48.371279034687,24.7581350854604
851,36.2772328545801,47.656237391652,25.7641479910874
852,36.4204735981116,45.9907196493248,25.4470767729365
853,37.8872976712803,46.1566842078585,25.1050114115509
854,36.0460723363405,46.6238726214968,24.4139267915573
855,38.5314003632776,47.6589427215816,24.3056045489054
856,34.8014588078474,47.1478227498561,25.3612570257278
857,35.6102429536004,48.2500013331327,25.289766783936
858,35.6100676211971,48.2559739708987,27.2387041151702
859,34.0855194124262,46.2430967162898,28.2904111387267
860,33.3891295656775,47.7758893657382,28.9458906082241
861,33.9615906261315,45.4647680682826,29.2779957107757
862,36.1751874402036,45.6181183950582,26.7229830216279
863,34.0713626977531,43.185067987631,26.0831520162411
864,35.1888036898496,43.0234654783834,26.6180507691494
865,35.9725615585903,41.3178291854273,26.2328846433984
866,35.8232531355019,43.8416050776464,28.1956621329341
867,36.3433135662761,45.2690048911255,30.3540188390866
868,36.4246939321164,44.0392397817057,31.1382599778186
869,37.5813150186671,45.129674098359,30.9384227231353
870,36.6894347913394,48.0280682793239,30.6128688036923
871,34.2373642166063,47.8302010894202,33.2109453860365
872,31.6454365063195,48.6110262876015,31.5459512239014
873,32.7705673420153,48.7811718938669,34.4100764499106
874,35.2133376484171,48.4981845478913,34.3933307224041
875,35.2237714219639,49.3830129768486,34.1830375511957
876,35.6623861611951,49.8504746612832,33.2904125624823
877,34.3111447721871,49.3778924808523,33.5063979033632
878,36.2734739922112,50.9808927915805,33.441642430642
879,34.0186052171672,49.9095609709689,32.3257987000772
880,33.2964090884631,49.8347039126275,32.0421218933172
881,31.1493839636516,49.2038340593255,30.0488550569592
882,30.2123408027096,47.2143120840219,27.9229931033841
883,30.6430550591886,47.0413847195694,27.3328060665637
884,30.7931935740652,46.4216769618111,24.1971423807004
885,30.41722975788,48.8270841904473,24.2856046056684
886,32.0344561626553,50.3299059557573,25.4552844211107
887,31.0206392365398,48.4053889819127,24.9202451111559
888,32.2933534715563,48.9147154773798,24.610800988445
889,32.650483239161,48.768871148207,24.6046084440929
890,31.8640328290106,47.718663466221,24.9066493045443
891,31.4181621711005,45.5162613093828,25.1978345175335
892,31.3883985820358,44.9998849971642,25.2293072928199
893,33.2032977375356,42.532437561776,24.8967540324135
894,34.363559013503,38.0969747995589,24.6172052887637
895,36.1600581045167,38.9935768557269,24.9255593695767
896,33.9528734023725,39.3709719661989,24.632008063874
897,34.3953250356238,43.6724709903676,24.9418446488635
898,32.783639651528,41.3429312266503,24.6817153569878
899,32.6353983132876,43.4364484376664,25.1170146037242
900,33.7738585833687,44.0483213549044,26.1829738655147
901,32.915509425223,42.9023676712934,24.6786862685797
902,34.3397142218749,42.8416077992898,23.91170382547
903,34.1877553025621,42.8896294250149,24.1518204989868
904,35.859184412639,41.0264893925354,24.8135085538768
905,38.2735406026347,42.4763576731675,24.218035286445
906,34.1481062059468,44.3250208514322,23.2462781887519
907,35.1407916932468,42.7303425621931,23.8306533743589
908,34.9872453644373,43.7122494724011,23.8272438662259
909,34.2657806878945,43.4921670982029,24.9541075912051
910,33.8826086941114,39.6154980789625,24.0087463702893
911,33.0047539076403,40.4164659921001,24.6033840621763
912,34.7167355034758,42.5168750202403,24.8514652828883
913,35.5416017095584,47.1771993762231,24.7071522599797
914,36.5533075961581,42.3832952730278,24.910092557955
915,36.1257690486753,38.2079811303877,25.1138210011655
916,35.2721508645121,38.8444177799607,24.9902056131492
917,36.0872942812797,39.7539176161958,25.3369372873399
918,33.0433930224737,40.4783796160302,26.0317505678155
919,32.9612415894291,43.1466113327155,25.0194414980212
920,33.0192907643265,45.6776773077157,25.6870093916924
921,36.1338124199842,48.3242000713816,25.2592477941301
922,38.5835910412331,48.3734959519452,25.3569546345718
923,36.8417846834308,45.7038740035089,24.9530893243445
924,37.7917042092093,46.7898744730972,24.7123727390371
925,37.6261114036553,46.392105671334,24.4307822116182
926,38.0943470116144,47.2274008131466,24.5103138398716
927,38.4579427907073,49.3940218305485,24.9897637546293
928,37.4423688702629,44.34920468521,24.7509382253306
929,39.2348461439886,46.3832342222007,25.0829434476069
930,39.4384112748243,45.0068496995618,24.8673102935647
931,38.373076881582,44.9210639165555,25.5427885350428
932,38.8509162675086,45.8959646164679,25.1690183993525
933,39.0531024214309,45.2842583181606,25.1647047168441
934,40.3264959467723,45.7769784530177,24.3454183506958
935,39.0078287907019,47.0976045689236,24.5631813930237
936,39.6131371823799,48.4238548949924,25.1679067318697
937,39.1187252298893,48.423021615519,23.6454886480466
938,38.4931839610363,46.9261169496106,25.4198231053967
939,37.3442693209669,46.4532138391551,24.7031392838328
940,38.2139447934656,47.1276729760823,25.233703577644
941,35.9282350733271,47.4384972311272,24.6423582110265
942,37.6483996953897,47.0928325779888,23.9751626779385
943,35.441935283698,48.6303596940956,25.0917642300759
944,36.8789388094803,49.6695764934934,23.9973476978173
945,37.7946869769306,49.3472705093841,24.8784201330021
946,38.977544559625,49.9953766923599,24.8281779548185
947,37.2446068431836,50.4362070623662,25.7624136180859
948,38.2086849150088,49.185213219649,25.1579834322071
949,38.5610108227881,50.0473557777869,24.9872398708565
950,40.0889595431503,50.9063674302772,25.3163997651359
951,39.2644125482287,50.4178494775323,25.5353825085532
952,39.8892813038258,49.8303771146122,24.4221372925513
953,38.2071351117088,49.285769609125,24.4280152304878
954,39.36064356775,49.9966357876284,25.9189792192065
955,38.7034530045458,48.9862827300082,26.3518244982975
956,39.7218360171192,49.2935533594648,25.6674425843981
957,38.7183204530077,49.8534240526353,25.8969155685495
958,38.891452550724,51.1794098933296,25.8138442392886
959,40.5470609755562,50.7448841182006,24.5396877398153
960,41.7894473640823,50.1517193317315,24.9429338783108
961,39.3751730263554,50.6679500553919,25.4522514019179
962,38.2426366690363,51.3581608957187,25.2289290346652
963,38.6098798707175,54.2167121631751,25.0147226461508
964,38.4441202601801,52.4328016290309,24.696796056098
965,39.3102384560691,52.5783877064238,25.1772597814799
966,40.6623215655693,52.1669033150766,23.7288207254637
967,40.5885330213271,54.0046919848036,24.6969898726529
968,40.1232907154344,54.4407885067711,25.6904545641193
969,39.0972742745067,56.6684838608604,25.2199465931922
970,38.1397195327725,56.1150007378698,25.6584717001318
971,38.8307904210196,56.3410836139108,24.9791867694104
972,36.5470515188032,52.8013662303787,24.5986133783877
973,36.7387442301959,51.7778962286554,24.2710661476117
974,35.5013484418704,51.9571540917426,25.8668329295333
975,36.5711770181406,52.2603585872941,25.8452250692308
976,38.8157569978292,52.1946659134395,26.060458463501
977,40.0383246692289,51.5868261153918,26.3979893576598
978,39.8958576795796,53.5088756225883,26.6422168062837
979,35.4830444661607,55.8130321754072,27.1870651228145
980,36.2810459936639,56.4009751741391,26.2015782743396
981,36.9325572437287,53.7718573068306,27.0466872121913
982,35.4142086671802,53.5989487786555,26.0816356803717
983,34.1322259542745,55.0753982471857,26.6975103349023
984,32.6929044583019,56.6072853464098,26.2725795500143
985,34.1051109614299,55.0928721913651,25.1281178551901
986,37.4932134070308,53.6577584395664,26.3989904725046
987,36.196410811366,52.5352072033965,26.5005457908154
988,37.1111954185874,53.4662839415348,26.3595295357538
989,35.0944489535381,54.6780433532424,25.8294898799477
990,37.0626721594721,55.6010187684398,26.1964959542232
991,38.1367820157744,55.1663493918156,25.9696432065569
992,36.8120278624079,53.6875009256959,25.7629376420343
993,34.8172501255734,51.7011856849593,26.517701436163
994,32.9737157417525,52.1728050266328,24.9493736261629
995,34.5057276472714,52.3903312923147,25.7307176997561
996,31.8517611435525,53.0641593419641,25.8023981378341
997,30.1765501574668,51.8051724514286,26.2128079542097
998,32.8616203452509,50.8627081980236,26.3022543310001
999,33.8666291188605,52.3827585704594,25.3718816913298
1000,34.15036097795,51.857569467952,25.8494570062438
1001,35.3696826071371,53.2571532529914,25.8851899989314
