R1,R2,R3
3.00088663832165,2.9498027378735,2.18211021974458
3.24377835116153,3.18542323414068,2.46723917991085
3.2420798333017,3.16250721564788,2.48575396299296
3.24791840596284,3.22310223706451,2.45573876527417
2.68570794610077,2.63495901449721,1.88202025773137
2.77803804024263,2.6670762997537,1.95185629602123
2.88943740174709,2.83459185502941,2.07811336291381
3.11192272623457,3.06320411339081,2.39103336235991
3.15131193690699,3.04894976405376,2.41019904922896
3.1560699870351,3.13755458644827,2.3658446888776
2.26508873440587,2.27201095056028,1.52617769088479
2.26479896293028,2.33389697624968,1.56631061841989
2.02102471808476,1.98801843481745,1.30242867364715
2.20004678305594,2.0475267437737,1.45173911824275
2.42830625549865,2.24221593361976,1.64084851683024
2.38636749957143,2.21520008807479,1.63021105576326
1.66958310130106,1.69288376829463,1.0233444005693
1.64068814870013,1.65766004754565,1.01449323064267
1.70126423005145,1.60831742996538,1.05813878763237
1.83565878962161,1.76823844519472,1.24601713054931
1.69849268358355,1.5650966250768,1.11110014126102
2.02512714636566,1.82894993868046,1.36089463244414
2.32881135180561,2.04731774516511,1.67379225637497
2.12877731244417,1.94126567941165,1.56809782093102
1.54649941340903,1.7144085092667,0.964526439925995
1.73352535411013,1.93508037396722,1.1390386311092
1.36019719196492,1.58756413047817,0.848344392282444
1.31789528421118,1.48512068972139,0.820412290621633
1.3720097957126,1.69869216341779,0.916100257740167
1.54584418017628,1.94121799900247,1.05125465224494
1.54059499993172,1.8206539809945,1.07894216604129
1.82234537044846,1.94601121705973,1.46434464878354
1.78510490239817,2.01075145226305,1.58532493529863
1.81545979599977,2.04786002221785,1.35263834388572
2.08103007729076,2.2846539245496,1.8736158216344
2.11113341249743,2.23317400484345,1.73780153320547
2.10405031507701,2.29198218622377,1.5667167898132
2.50634474057879,2.63512738202659,2.03537256874875
2.53185958977769,2.70873053861265,2.02147799931976
1.201727315992,1.5343977842481,0.851454280998923
1.33271341884367,1.68332108555825,1.00046787567155
1.03016293667269,1.3090747593741,0.732861397224517
1.04159567637536,1.24739623279769,0.713327400928884
0.977246615312006,1.24306533088511,0.758683098319499
1.14158024077831,1.42832970082597,0.899164634586527
0.86567170566094,1.13406924984976,0.752603247061855
0.955362257282418,1.18984882244509,0.869093726003862
0.995857073750271,1.2788760690525,0.864270330786863
0.746336554792967,0.911340205334303,0.630879306199004
1.05171095716495,1.19434621757621,0.780371497814722
1.12121708660624,1.15711483396599,0.777782210745578
1.21554443470113,1.32429564765683,0.948022638044435
1.28370530700426,1.43664134596064,1.04317623003729
1.44857258576196,1.43276558472934,1.1121005201475
1.6171763349693,1.61145493268793,1.28576498487245
1.4100769898967,1.33961954290136,1.1133658499526
1.71070634005563,1.62106386921618,1.23999094239412
1.79304344619947,1.74853236987832,1.28039094241155
1.96283786216785,1.75311370234958,1.42365556403909
1.97758302943875,1.72743746866888,1.47355907138515
2.3091812315494,2.02897802473138,1.65387591920861
2.46213116879065,2.21824494290065,1.79128447443313
2.60209936046127,2.22302731967842,1.89864180339883
2.74210726642198,2.39139731663037,2.17429083692133
2.96699691960004,2.49747184103186,2.25190301256967
2.85263734191428,2.74814706998728,2.26814738453377
3.1567843470004,3.19430285458303,2.7192896201909
3.06668283120489,3.1351888748427,2.67089328449987
3.29706656990276,3.09102067302557,2.59120988755825
3.71798731953962,3.47917652106611,3.00496175630071
3.72670827018498,3.49269477484891,3.04841444010559
2.34086454245514,2.05223240816733,1.63269693922818
2.59553795608257,2.3050666492548,1.82329073134759
2.17631700562027,1.88017662576553,1.50107425596749
2.03463024340457,1.74262647486601,1.42831413382572
2.31540705791603,2.01112094432602,1.59298077039108
2.60500240318953,2.27640714537507,1.84433454264284
2.35701471576702,2.00203585536027,1.66138830885551
2.20824008483959,1.926866829918,1.7055327881163
2.53892041110799,2.23440195620449,1.87599249558842
2.73868774461133,2.23515394098696,2.04701118406653
3.08373547702005,2.5108727025288,2.2707223328453
3.02204790489693,2.55859738237717,2.42559886320556
3.13057308571167,2.66821087189327,2.59882204656861
3.440749027371,3.03696365066422,3.0524914138602
3.47362048884003,2.9984521939518,2.89496626808204
3.57791402707127,3.16614935399498,3.12627885761557
3.78027930020668,3.38279547637565,3.3458215331974
4.2049683257961,3.79205435817749,3.855807111992
4.55849907931954,4.17094842240255,4.30494003954009
4.41508069363322,4.05827103441312,4.14658822165641
5.20526444285442,4.80700047571462,5.03681620774747
4.89865945131241,4.45732879829377,4.58646571341506
5.01706351018164,4.59593080277372,4.67796567878725
5.4622817083674,5.00224194545464,5.2274008613197
2.21472521899642,2.01478450573994,1.48687300094447
2.43451351380327,2.23367965358135,1.64988401335394
1.97071749351238,1.8740876888767,1.3221998240075
1.85020924400995,1.75392729996237,1.26711265188398
1.98189545845055,1.99139996149487,1.35123306561184
2.14698209207091,2.14298858824464,1.47114160499806
1.70569540937978,1.80143423130745,1.17242327636437
1.98015322497163,2.05456323823272,1.55069023592112
1.94855479157389,2.01959724891007,1.56428302077489
1.91649686636305,2.06231514512836,1.49667796421354
2.19181648323901,2.2310490593775,1.5580695954113
2.30936920809675,2.41917191008914,1.71482980913462
2.35985370489663,2.32378426142924,1.66864484198654
2.3611999098664,2.25619910585939,1.65062300496024
2.65412527393101,2.61176986402745,1.91786719372664
2.80283075492136,2.68602489455327,2.01164231661864
2.98871506412695,2.97216862886063,2.21548733333883
3.07908676921456,2.99892869397415,2.30842408320111
3.23058288919507,3.23510282594826,2.49944819953136
3.29205276656535,3.35240098827441,2.48643221891316
3.45276315452756,3.53486461049039,2.72903657156453
2.60185444762425,2.60205668944287,1.91161654725347
2.86577096424603,2.88491871235137,2.16111468522829
2.34964392107441,2.35696620654591,1.71646819085419
2.19451326877797,2.18179013217475,1.58220138542867
2.40761603978203,2.42669311412683,1.80344350477753
2.34469973651552,2.33770619153886,1.7752762827745
2.70947842225701,2.7069954192187,2.0347878752229
2.27520208327215,2.3559898606838,1.73334775063981
2.48783791258217,2.54064624276239,1.9238020409011
2.04653020529512,2.18389993484333,1.55661758237242
2.02398372947436,2.15150060257941,1.52265633624113
1.96706677243991,2.14572898276834,1.51786161808851
2.23591506893523,2.3719099249113,1.71872472457245
1.97082967352794,2.15885482713257,1.47703566511679
1.95078693168718,2.03465064214926,1.45692501766809
2.06156158462977,2.18874940195912,1.5332428007142
2.32625609145606,2.49594817625838,1.83033582857537
2.48174123302552,2.79866347451903,2.16248977973157
2.63633490332894,2.73167826861814,2.18139811334725
2.89517400616682,2.82954186614271,2.27972649990742
3.27461032093199,3.11550080777928,2.69597974249348
3.23233059107796,3.15426845102699,2.6383172899958
3.35157500680843,3.22077703315304,2.74049148765516
3.70970530906542,3.54474364362775,3.11655946848465
3.50935293872426,3.49223936634384,3.04602367098824
3.9484083450293,3.67658973573595,3.26520101684322
4.28245798782989,3.95835617824868,3.57636668293661
4.26059731412278,3.98193751725479,3.59989107846115
4.25992735603879,3.96915643791055,3.61097373075772
1.71883720223359,1.92441558664435,1.37546663423793
1.53928365327814,1.75025997623364,1.25285569135229
1.83684423331114,2.01701283495354,1.48776845001201
2.10828451138047,2.233053538781,1.67632687634562
1.69203415349874,1.89246624488501,1.41194644744749
1.53842208284913,1.76048283277725,1.32005334048465
2.01935260389753,2.15815692291192,1.69048252145334
2.2857531176506,2.39799511792938,1.92150489988962
2.31479600925699,2.33813743460896,1.77475742585509
2.31611956949479,2.5501912591387,1.98066794355794
2.7171578683683,2.89911349821377,2.51411833975031
2.7163042542639,2.95345698937652,2.34345995002456
2.70585028348865,2.92410256393957,2.18816023580951
3.03209611415293,3.15183700068636,2.51902491001213
3.10544427493015,3.25018934780899,2.63355659765381
3.13305932031125,3.5174683758321,2.62536024225184
3.32040238530592,3.74509067439996,2.92763860661228
3.77395236469237,4.2164848844808,3.23105663298049
4.24697496631125,4.56963824806731,3.62664374472951
4.15916529972259,4.36649165464694,3.55406866742828
4.90016293499822,5.2675839768158,4.27214458052571
4.37775105562924,4.96629826472909,3.9430796275787
4.4670531524858,5.08569615299149,4.13402391898788
4.94784164692981,5.5677516569844,4.48092074770362
1.56202624746364,1.80471417721702,1.31047454529992
1.70628722080622,1.96850337282317,1.44755884619219
1.39438272525301,1.63299590129985,1.16473965964832
1.36345971696649,1.57895610329706,1.15219136801828
1.38740623749211,1.62509948268884,1.13207409478088
1.35344413769512,1.63351021636817,1.12971669669477
1.30940688670644,1.47896213072608,1.02078110213208
1.41673417377067,1.54290417753539,1.10213551131922
1.44565523552925,1.58101229862852,1.10100924214515
1.04957983922529,1.20488959820547,0.8081307292717
1.66371300397212,1.86648954134283,1.3203855291836
1.87044271527832,2.03053381120985,1.48765543267784
1.7672230856623,1.98408895790824,1.39057173938864
1.74488927067929,2.02511550609103,1.4293501224948
1.68386287646937,1.94790880125231,1.36821211242615
1.74136427446424,2.05472105592886,1.49952595739168
2.02718041564415,2.20305783493554,1.54154170786007
2.14536425446887,2.32109931090676,1.67394189546872
2.1592360004119,2.36885309855053,1.6808538936281
2.31503389587991,2.49801380649298,1.79282243665569
2.40411327416151,2.6099370609115,1.90050866706771
2.0716820085074,2.33350376403292,1.69557105812508
2.27333383734448,2.5198385226909,1.89479304961061
2.29987326531491,2.57945374520662,1.92043724902798
2.160744873338,2.25216995949319,1.56377564302795
2.14206709332005,2.22078422772952,1.52069008049126
2.3919595985227,2.41751077405655,1.74157606735834
2.45517794660355,2.48564963639505,1.84566828642939
2.67657773433029,2.63168478553235,1.92540894780506
3.00407375161874,2.97434046206416,2.15646222007018
3.42726609452167,3.42669786427029,2.58766545154416
3.66040326572611,3.66993478992885,2.96858765958096
3.65911331109957,3.56895125280256,2.87770161999416
4.09797578594784,4.18935922626338,3.19300918080642
4.53661951070775,4.67892379854154,3.68411992842818
4.58995127992121,4.64727298699826,3.72086582922329
4.61233360638204,4.94015578199753,3.77914760268664
5.14339327491869,4.94516123519903,4.31304518831187
2.26077050973487,2.08811872631918,1.65234923442596
2.44973858897615,2.19027792510904,1.87585096642256
2.01955029318049,1.88343140795516,1.50442455261851
2.16382269416391,2.1364443601925,1.60224380690897
1.96471025501533,1.77721895387025,1.60543692821095
2.14876624951132,2.06603970233778,1.80656948110581
2.20552338554002,1.97470993207302,1.86210190495685
1.76486623313244,1.53510598221553,1.4651150590296
1.99946822519567,1.74794766122142,1.8094222339408
1.56983250981169,1.38447492948324,1.18915145190302
1.6600813907815,1.56122713143655,1.26099882162241
1.49938385207275,1.28927396320845,1.07045629165165
1.66562553093299,1.37795800935636,1.1565741361533
1.64492296288184,1.53704050338447,1.1736361067126
1.60223082700192,1.59131140346458,1.18667282988662
1.70823410321142,1.6159884528713,1.18698748122125
1.99568279586799,1.85404813692755,1.47599020327225
2.40541005507196,2.13713187693562,1.9771650001199
2.13299425698677,2.0344569015409,1.83557088697278
2.25295864879529,2.15448301685904,1.74883558967453
2.48058551905492,2.41823299748932,2.15590852042055
2.67186024861577,2.50553807233119,2.24264152158513
2.55765368493709,2.49217037815559,1.96736526692337
2.93503595889373,2.80997386080542,2.26184126455149
2.79898484849736,2.83292315766342,2.33252826431501
2.89864826515999,2.86949884812814,2.50550704255254
3.17491527243355,3.17121138645071,2.91128506075581
3.21449117005437,3.17544382369291,2.84871003493132
3.16555074331029,3.18068916715406,2.90727654145798
1.26399469993175,1.05197244682037,0.880802681470024
1.15547023197958,1.02877188115284,0.924483877512696
1.26237134858702,0.982902733830057,0.795157391859369
1.42886823867635,1.12518976249857,0.915674721961648
1.07924679051281,0.801221122205623,0.646424403404712
1.03067233034174,0.795947888840759,0.677896615954557
1.19751113421777,0.88046722522304,0.669760723199572
1.31245658414573,0.998628393474614,0.730412752364839
1.13892839749657,0.862757072190133,0.68763500271146
1.40859482463601,1.06638146472672,0.807422749498651
0.939596084114595,0.726924173387001,0.571481312317647
1.0816405877565,0.879884645373197,0.654764375535688
0.755579687047367,0.616953417834549,0.522934941446007
0.765420499824427,0.668863749187262,0.586231966600081
0.653632660968038,0.567138923623539,0.482495618329456
0.74550306075773,0.678405365973709,0.517445090055256
0.599954991897238,0.663292103979733,0.556240034040307
0.69717432899419,0.810299561078712,0.644016254707043
0.657914060883486,0.730557859450893,0.623719802440091
0.678405941639508,0.76512175638575,0.629608717962449
0.719845755346785,0.554231050871049,0.487785964318634
0.751104082121367,0.640556621361438,0.566273161739002
0.901028084920323,0.679584315013602,0.562430374270081
0.984380898896801,0.775015317419771,0.62898152134898
1.09018408488669,0.853283005627565,0.678485553465119
1.17614155818866,0.978474532855275,0.773924516867934
1.34286533161918,1.09485259507772,0.807149366282983
1.63086057212764,1.34205034048474,1.04728364123243
1.51137537781298,1.30682480774514,1.05786707797062
1.49961913886416,1.25437439860501,0.972295396827531
1.89267523948701,1.69731274619568,1.43011476157035
1.10460045972734,0.85616738298616,0.726838583105366
1.02387436844931,0.774472793384405,0.703921003981004
1.3466835219358,1.11424261433851,0.917319536942425
1.48069963621291,1.27170116980115,1.01666236958726
1.51393269255817,1.25838489588826,1.06506347768511
1.49860947564018,1.27809251167362,1.113770193579
1.84326237281288,1.60474220933834,1.32908966644192
2.18842286678797,1.87696049640989,1.74561014484852
2.29036023402523,1.92348670392175,1.75767072405425
2.11313025574007,2.09228764256148,1.68801169862483
2.5782536869639,2.54711555397461,2.14264889701543
2.35868715306735,2.29826259128172,1.92578050301963
2.50905061698812,2.68931462495113,2.29997138704174
3.06720414028459,3.24263914366339,2.83930360485357
2.99934202592838,3.27852211311185,2.94119245008428
3.17028150262342,3.41472128535154,3.13479316461598
3.55585902055521,3.90285154253301,3.53805818331739
1.5552144998672,1.20917132303597,1.05147171533257
1.66873150217854,1.30205816281719,1.18790307071071
1.57359921961033,1.19539226907517,0.998852305306686
1.59746176379852,1.25085656156787,1.01301720108501
1.6834009854208,1.25278062381006,1.0569996971255
1.84610537269667,1.35212153097938,1.21338806435886
1.94644004091689,1.52916182092946,1.25945577971543
2.03496912678288,1.79946746820789,1.30712274903166
2.16834784630971,1.8597295710947,1.46221962279739
2.38511107509117,1.967950902852,1.60224081374193
2.91023535665889,2.48632407682199,2.12301309530986
3.164439256682,2.66744194625493,2.65244351234473
3.46934001330617,3.18569011940344,2.43740309940164
3.99857957937724,3.73732857698581,2.92445032484544
3.47212163237246,3.28435529728655,2.4396874538987
2.90459524032712,2.61259513788751,2.19887586948319
3.35989511148137,3.08139755185804,3.07687426732373
3.29992675331593,2.95584779247121,3.30111491742434
4.22284867205823,4.03715973842882,3.93743431712275
4.79948028543544,4.5800024273237,4.80729574897376
4.21649798171276,4.16689656137535,3.12203320752748
4.71383951961902,4.7461978171597,3.35785609229338
4.54971171156167,4.49346997582645,3.83808746547758
5.25388149976478,5.27487255074755,4.52758683316345
1.47392706974767,1.09299352796428,0.885876527238314
1.60249649216776,1.21897463494745,0.978630469578701
1.23007884899092,0.928368614709078,0.731715831960249
1.21932000388982,0.932023707052774,0.763826443916145
1.09176888826068,0.894182809580987,0.647326232857736
1.01219726074437,0.862950365967863,0.680015380535391
1.23982256632401,1.02733290564165,0.768307280086068
1.05258290229983,0.974586256441651,0.560667698162051
1.10772818429933,1.13849744548628,0.642774717732232
1.12101387704904,1.0266545185313,0.574611359254213
1.18315758588508,1.03122467635708,0.660391405643744
1.25767663964826,1.23222630958018,0.638670047109968
1.28651939399331,1.34000733692654,0.68720433660985
1.6125684144716,1.52421968213326,0.865063834866593
1.71019922840272,1.54198958641054,0.958838897973723
1.7789777707601,1.70195008936982,0.97271447771301
1.84260434411795,1.72634707185874,1.02842569013797
2.28636173168757,2.48007332692533,1.61436188726236
2.79997309648979,3.11389600154333,2.29338989495666
2.57028232812412,2.7228581882946,1.78928625675827
3.1724863500896,3.49034426481782,2.50140285579265
2.53146674660977,2.26130640997915,1.52550281696549
2.94651715020245,2.58443780689527,1.82298614583457
3.15520165719558,2.79941715010911,2.040239413012
2.36664933267132,1.84332891421724,1.60267494443395
2.88105235179331,2.25550965500055,2.2678540330353
2.68802985059058,2.06084260206903,1.80153053515907
3.36876809413093,2.50853564699556,2.52692910522223
1.1713913497879,1.15673178866608,0.613364649063867
1.12297282827378,1.02675922720438,0.649746543964424
1.26600893902856,1.32754062826854,0.691051638638603
1.39034049439816,1.51199739180227,0.77260404230404
1.28432347130052,1.31420211043462,0.754567015028298
1.14206046245003,1.12112487837305,0.690146449094497
1.35305839064892,1.48668857231194,0.89194784711078
1.52102730793822,1.71279063180713,1.0140849012648
1.4704881706351,1.54355904097023,0.994020300068705
1.17872768933883,1.41174984507741,0.868998672378336
1.56342192791694,1.50246150504543,0.883310289356661
1.82347567809156,1.77425819778573,1.05688654025839
1.58962255152555,1.43597270630317,0.893886972169416
1.44585698142772,1.27444007431545,0.857617499531926
1.88050334469146,1.66264351543704,1.04543512729243
2.0794908689232,1.84128173315142,1.20500723169357
1.99661947616234,1.7861934352815,1.12008711429033
1.85472658260825,1.59962364911815,1.02461523783041
1.69355293972776,1.47393540852879,0.996021353417503
2.11910114685591,1.81636777072315,1.17098870309468
2.33797590702907,2.03918234882158,1.32009175204457
2.172093588774,1.83620208144004,1.22052446014252
2.03417574947455,1.71780487994963,1.17910816134047
2.42104626032155,1.990715608103,1.40734518507381
2.73654649698748,2.09657669074366,1.57483727995652
2.66081764453332,2.29175502479734,1.59690274007447
2.93431116998337,2.54451295549332,1.87905119646305
2.79747715530277,2.12392162319581,1.53336828486114
3.1121022481595,2.46157668551173,1.91240178723617
3.11019186151625,2.42158048631628,1.9200726691842
3.21929301821978,2.43217961794548,1.89246731590378
2.27532715049494,1.98380228112475,1.2705773289936
2.35598384313894,2.05646703801744,1.36283289409275
2.35665890334137,2.1650475632113,1.29683495412592
2.36760351969825,2.25901484711198,1.31233152825906
2.50859811254892,2.35764983287498,1.40488522036425
2.65881913966516,2.54023370610662,1.52441490276301
2.7461493950404,2.69579031352086,1.53981190357588
2.99371771522886,3.02899514670692,1.92250858325294
2.90461944375038,2.95501538161343,1.84053164167162
3.04091921829455,3.20534347229347,2.13044813219449
3.20989519824962,3.07611255684649,2.10898274473724
3.56721256539848,3.39502011020943,2.53655284723951
3.5461172679885,3.39891494379313,2.59011873322526
3.54368208394558,3.41424799340603,2.58088947555985
2.35274826469858,2.1447206382973,1.35477937685332
2.1653585663438,1.91384807264428,1.23443032932051
2.4902034115856,2.31694052815878,1.51615644992855
2.67014353434812,2.54489975992107,1.66221362425079
2.44125818666345,2.27183507722919,1.55377982314913
2.38532078544246,2.259066603313,1.55717649175492
2.7367351556364,2.58237296497265,1.91155235271978
3.15233949036434,2.77318276035964,2.34828073635089
3.0343655376538,2.94916561659821,2.51973997363045
2.72056007107075,3.00595415589137,1.9581415179865
3.05590016630629,3.46262971142001,2.44633187428461
3.03669908867414,3.48350113427639,2.44257080292791
2.3170884840958,2.14521076096164,1.42625702622979
2.21597271484281,2.05095560104264,1.39261222320286
2.38673781855901,2.22054316979764,1.46550889603915
2.53793446480593,2.3697537378738,1.585828934618
2.33811351298427,2.17459725239061,1.46797173716793
2.38244666679864,2.27516049825339,1.57512805065611
2.56418665178387,2.43480520826998,1.73244222611601
2.7382551936705,2.67055477024751,2.0480351359493
2.77020900089483,2.88906113970325,2.20138411822391
3.17350952516681,2.69265911996105,2.07776303511115
3.72351623124298,3.15241463998684,2.74557017556306
3.65811568984137,3.06611674120073,2.47276594018676
3.66874763670366,3.15939987495994,2.64301901087693
4.27525165187124,3.56773563080238,3.00924898233243
2.09427589321637,1.86024039072158,1.24723329615387
2.0545311497934,1.83191133753027,1.31075338713937
1.98848662211894,1.69639301254089,1.09639402295397
2.09231314269677,1.82025160150764,1.17962220646875
1.78518700610731,1.41520788677869,0.929592478018266
1.79785874829284,1.40138830548125,0.958852841502761
1.85448893271014,1.43456224905485,0.937663526842806
2.10836054165364,1.58227764742527,1.05476174422411
1.80215574067089,1.29081601702492,0.920372904943851
1.89832307774889,1.61806030645224,0.990868974873227
2.36645825895318,2.13405434172671,1.61132245770231
2.93597685610188,2.74218592195736,2.40205316783879
2.58582481381942,2.34076584204035,1.6826801306312
3.28240536168199,3.02299039689525,2.46773052788785
2.31399390763304,2.1027625517924,1.24646275485072
2.63549170707475,2.40171854560469,1.43931409919578
2.84157655480993,2.62737627379238,1.65588788593177
2.24784514221073,2.07438884303369,1.57072567659747
2.81317392966552,2.66309171675986,2.33939291217138
2.38907655999396,2.27495848538441,1.6726921692121
2.96205475310265,2.9308700147411,2.46657079272881
1.58035134648323,1.24324847620536,0.843470771138459
1.44008896415676,1.09957288782767,0.824962565829502
1.63936704277051,1.35077443325916,0.890856379566897
1.80980009996331,1.52410165364761,0.997810760901962
1.52856129661233,1.29241543617637,0.86382930773029
1.38869404345572,1.13292575041943,0.790475295242682
1.65515276124408,1.38779678372865,0.943026212880662
1.83921770266314,1.59856198858217,1.07866321256772
1.63500052571122,1.39908832265243,0.973560381395078
1.68888922185719,1.33488243438129,0.928678057120354
1.57181882898424,1.46691208806135,0.962417163352826
1.55887582229862,1.5314692354339,1.01961415211414
1.71740226132821,1.63919034490648,1.08759271364284
1.80264006804211,1.67368354825218,1.14743392649678
1.84604702634437,1.87257056448447,1.25293663552948
1.90246113555784,2.06467246387146,1.4613493068001
2.06318015719054,2.04877931303462,1.39428639926023
1.79143364905927,1.90004798217951,1.25612800022286
1.72526114943337,1.9924802836867,1.41697635640642
1.98176346921899,2.07603611493213,1.39088810952906
2.13634197909003,2.22012252643576,1.55126612506033
2.12397133484875,2.28261091705927,1.55630517075405
2.13396265053774,2.56807858475562,1.73834532081137
2.56365571942001,2.84534835667208,2.07372398144756
2.82087063996836,2.9481561317382,2.31298538605346
2.81365973122868,3.11953090932064,2.36196011614401
2.94575687507446,3.42549068597677,2.61926592748915
3.16843150471192,3.4735534602858,2.83736363286867
3.34920731359194,3.91558467954542,3.10397257017921
3.271903544655,3.93467813709947,3.06706899086864
3.64396269002052,4.33097122500237,3.49999635875129
3.7416729085283,4.47574333750665,3.61367806257151
3.93096783916042,4.57245484237135,3.77603077247387
4.19095059567681,5.03246151606996,4.15408361456584
2.03283500151364,1.99586349425236,1.40021320136631
2.7045108955073,2.07353752366018,1.58437733559188
1.59106241188545,1.86043775655741,1.2909528998742
1.73131041245033,1.9962681929977,1.37623103706634
1.54304509246922,1.737115266435,1.29969000156384
1.69315854157808,1.90398292572215,1.4459585685566
1.64992541939516,1.83794902590078,1.46280941607462
1.31079159589422,1.45390111552919,1.10533778041239
1.34098070889042,1.41712262117368,1.15465555384257
1.17943878989845,1.35468242520273,0.972531434964537
1.28653899297546,1.51917995161992,1.05446292935208
1.00008494807658,1.11807440055783,0.802193594601149
0.971839138576337,1.00741124436611,0.768804179782539
1.04566278428839,1.14348523551919,0.781940141200522
1.17514747462141,1.2253307964188,0.866584032673323
1.14696791747677,1.30971810747176,0.873398730024484
0.972255398163623,0.970643223461231,0.681627612160563
0.976529289841692,1.11449118027001,0.822971184040829
1.14199145148002,1.33121530323724,0.977533963644422
0.884437522619113,0.97447554468566,0.771312152782425
0.834753689941955,0.856438089124738,0.719645511325798
0.987508631483345,1.11225387317068,0.892884919519099
1.17246908340216,1.32451774829883,1.03861149564081
1.08702120921973,1.12133211787917,0.973079244345684
1.18645607741063,1.16994526253047,1.05662193794205
1.2801642919351,1.38182974862502,1.18188569910056
1.346003065583,1.30929943489962,1.11225579244481
1.46073726375886,1.60429956231862,1.30483266648507
1.76152411620077,1.69978382939402,1.43356072325451
1.95341902361311,1.94104418450695,1.78584629869183
2.30295267596172,2.2167097184029,2.06115405238291
2.61477010787816,2.70427297307337,2.50061959353046
2.69333606406396,2.73293444884072,2.50132996693419
3.21679541729379,3.39854897468004,3.1496740980501
0.976374433154577,1.13491399292685,0.905905724342102
1.29446873931649,1.42591988763849,1.20249176087554
0.865236641831426,0.982013167062951,0.769929784377818
0.960930902983039,0.949269681115965,0.80462118399651
0.918847352722597,1.05322484268581,0.824231348375758
1.05777598397044,1.21652644154889,0.919536795029211
1.02539309775416,1.23891673546594,1.01374844732082
1.48328107625586,1.8568551550697,1.47980993688317
1.40092534463382,1.38792592922944,1.53737034994545
1.51526845277805,1.76527574594091,1.38910704837734
1.98434433286604,2.26345148674718,1.9029993199923
0.876008731065073,0.906218725574795,0.735228009051908
0.836384400616842,0.79403301767338,0.696307293816842
1.01178313423414,1.01871319726713,0.80535066692265
1.12905005485529,1.19666090515566,0.921640412852256
1.09781397539394,0.994083257505299,0.820992775055881
1.22592438023939,1.14099150324494,0.916437477701476
1.1336251314571,1.07120853151719,0.945096828773352
1.08287127399867,1.05995112984606,0.926756121195888
1.27787952679093,1.16085349349201,1.06125316260878
1.23651116232687,1.32977238194206,1.14671881869653
1.63288674015758,1.59374138405973,1.39553120190068
1.46817435549687,1.8048339452032,1.40487262866065
1.85993238785454,1.78423115578194,1.43150619467515
2.4579221149442,2.1656025537504,2.08767593181563
2.45476069702359,2.56608543038162,1.61952481152015
2.57059578024517,2.8509751236861,1.79215043541413
3.09843840445428,3.13952610117592,1.99600876404394
1.14082667620545,0.952038145198221,0.745227393815982
1.2894433744736,1.06682343709692,0.84458390727356
1.11671574367313,0.986492203955019,0.705584924544485
1.11066048214774,1.06825163603306,0.760815760011646
1.17960021959285,1.09370961680311,0.720280088118993
1.18982082773713,1.06095237392898,0.737182223373656
1.18356761954965,1.2489437536256,0.766833593781141
1.29673645224601,1.40556435602871,0.853768916155806
1.27562130056414,1.38689879127019,0.853306885593582
1.04682671778222,1.1212881775511,0.734305548022767
1.32070935915926,1.24178279323926,0.804909637475243
1.42103996072181,1.3188130897437,0.88985137502136
1.39486686042603,1.34336617522655,0.876034659178801
1.40985216442265,1.3625523880245,0.930855529796508
1.494271561236,1.46320862056077,0.953419327944418
1.54647243437941,1.45338014926282,0.982117744022004
1.65854787763405,1.6033464360597,1.12912664644772
1.91764786908471,1.68708581771646,1.35103416339272
1.9506989894666,1.71534165336534,1.45312724187345
1.72846691339985,1.62383832433656,1.74212184240536
2.25092054548442,1.94189661838882,2.35157998613018
2.06881169337136,2.0436340252936,2.37330869767307
1.48508247318907,1.57548968621979,0.928334956217341
1.45624731289112,1.57790575991035,0.955440634266781
1.55901999616296,1.72541717998659,0.932749844593337
1.62628009927215,1.74654440543733,0.963593723701267
1.61897484175243,1.92328148154632,0.964789625400117
1.67274947540434,2.01311622754382,1.02104165111603
1.81292671635004,2.17917600947402,1.03113830549769
1.92785384678806,2.27155234568502,1.08235239405284
1.83707205762964,2.16740578093771,1.05227230624058
1.93375526733024,2.42492550610138,1.09639040316025
2.01544759330135,2.55678228862226,1.18522913221543
2.04798163962458,2.54956108564182,1.24970344954283
2.18615369474601,2.80637282421846,1.29008644742995
2.32140640928728,2.96327878834664,1.41952285048138
2.30217491327381,2.95030430357848,1.31648730687897
2.53945365320998,3.23931628863767,1.47237512231852
2.68885414595665,3.19316749681136,1.79986741698088
2.11908019281088,2.64896976467524,1.18288238217173
2.21227979164657,2.69906950188808,1.24644912281004
2.30903858465645,2.91074879407202,1.28920465444835
2.53680861533175,3.14679841282957,1.41797306255907
1.52003828537913,1.85098047039071,0.943473954142304
1.54017508085428,1.93058708358139,1.00033518124207
1.49339486443122,1.74239550249429,0.907141372039082
1.55227798873873,1.7240819601541,0.907275949850284
1.47620908505648,1.71780579252377,0.910596791500379
1.50986132853377,1.828878381651,0.958909821262082
1.69583607734118,1.88968657742905,0.977861735310296
1.74638096203655,1.82530801625245,0.9773368278267
1.75925872406085,1.94140037267867,1.03617002204438
1.87941799708861,2.16294072264268,1.04741434074716
2.09846630504001,2.30671410206289,1.07085932921725
2.2018855786728,2.26725250804226,1.10267027535271
2.26464891684452,2.58400460941976,1.15744304447698
2.5104009764738,2.76665271546485,1.22392093473756
2.1817658033968,2.63125783854866,1.21614136756763
1.96622034455772,2.38639553420106,1.16821955165573
2.00272980307075,2.47159020363752,1.32060270583478
1.94104798468978,2.35767727468865,1.3525485586246
2.23948502048359,2.77050306478429,1.50954438803099
2.37728203947215,2.89274788112166,1.69200735263626
2.36266500666668,2.91470775933651,1.3750367112109
2.55227798024468,3.12023135838538,1.43271166478707
2.38258312478946,2.97046883337707,1.52406123398777
2.5901876278465,3.2179468184329,1.69798540651547
1.30994896309153,1.45572379777728,0.842646807889531
1.31948116012745,1.4209929785703,0.847038456943024
1.22578126606841,1.32778779826685,0.826129150074091
1.29913463201882,1.41944474076847,0.881438835195178
1.10928058067338,1.11945626054569,0.7866634181609
1.10069627738027,1.07511107462767,0.764209996736902
1.23902044857066,1.17648736719645,0.892963758913936
1.29785331626609,1.27218942993943,0.961245317900884
1.21273128581697,1.10554507795676,0.907326800418744
1.44394714066999,1.35079717843867,0.993148101879391
1.53401483601777,1.49799734694392,1.05766296273424
1.54636427918763,1.40421202855756,1.08703638106848
1.52187172479601,1.42496030273713,0.998885551672224
1.49624939201425,1.45785819291271,0.978660753540088
1.71386732946611,1.61305642758514,1.12637648057032
1.50256192558638,1.36297529264397,0.978853867266929
1.40899844912065,1.29101595603655,0.932439055414669
1.69476137333323,1.52310763932249,1.11805556166968
1.89627737554751,1.70415395514866,1.2839437242285
1.91599250073715,1.71493372945083,1.30600567766861
2.07971491813879,1.89802492828484,1.44264525589272
1.77221366806157,1.62273385562678,1.18384860241233
1.72049732687245,1.60036386762341,1.1354724992847
1.97812388513996,1.83375638563935,1.35037280033949
0.971838286302034,1.02528001123572,0.743486364007651
1.06864757769053,1.23303809336841,0.82920911962661
0.840682574437943,0.824875566155407,0.67824788334688
0.877161010971033,0.781858542772151,0.694644939368224
0.764201487438574,0.819771809011264,0.663606618697537
0.894250790666196,1.02785375938473,0.771480038081632
0.667084481647413,0.757422837894594,0.602674129822213
0.722128453822995,0.843939431458865,0.668980497566407
0.78667274486385,0.940131825447452,0.683139800388618
0.615919261300643,0.590942506460433,0.530493742229135
0.801554354327736,0.824822057699439,0.701389245452275
0.882377222436372,0.852022314209924,0.751815334219989
0.927638396355909,1.03032967530991,0.809296349834487
0.998773743800224,1.13908662291275,0.880608859243963
1.11660886669977,1.27208858261033,0.94147921733787
1.22994721250318,1.40755078983544,1.03350271901402
1.1681225674306,1.3009394853881,1.01123029200209
1.31203859887933,1.5561863947337,1.06849056351974
1.38635650056157,1.64260647285155,1.11412085857594
1.51422492625497,1.85089141039384,1.23886984068829
1.54011236563543,1.88980546778284,1.28013807616329
1.78198022910217,2.23100556679204,1.44838068294171
1.87390176580989,2.3798874202375,1.51694759966479
2.02233666656807,2.58088969431384,1.68237469005424
2.26512963066322,2.71549392403063,1.7760122977158
2.33170254794625,2.84169870486484,1.96291875653114
2.59655614667975,3.28517688828399,2.24938137984794
2.90492287593631,3.6750410314793,2.48840905562484
3.06650960876076,3.57861951011345,2.68990738834965
3.18277863376289,3.94289934606781,2.93127493322098
3.5138726569474,4.15239597604513,3.24096472133545
3.39750431880236,4.19911387404109,3.24626191965372
3.90731897797656,4.62607300723203,3.70795088171472
4.086501277857,4.75278804531408,3.89812389951263
4.76755471481376,5.44852078901831,4.61264240885771
5.1319327589128,5.82474006390638,4.99777083403347
4.8343061451865,5.53163122783686,4.69197056325442
5.92689663757169,6.59441876459854,5.80893160794712
5.62960542830455,6.22621304200175,5.50261107513812
5.68800945957336,6.22905455589808,5.57310849990519
6.35075453191282,6.92042355292967,6.24232341692154
1.83255019881282,2.2452388817398,1.48695098933753
2.02311429868965,2.50636037820179,1.63961617623055
1.74188712407082,2.03616909886038,1.42872233208986
1.66794624283189,1.92129068863194,1.39088663635747
1.85167801893451,2.0883208013263,1.52318790791512
2.04707713084463,2.35853380638116,1.6761896267283
1.87931251471292,2.03427950197994,1.58398023287914
1.77297877807778,1.90236030283954,1.51515147016669
2.01873332523749,2.15864003532005,1.71832078884043
2.07770017955124,2.3357945670712,1.76799683025525
2.50525492618369,2.70321678572295,2.15465415339573
2.39381483295405,2.7688703477302,2.18599457740939
1.81662092822551,2.01346329488422,1.48153554480847
2.01958507715211,2.20358892212241,1.65708418848812
1.64203075904373,1.84619593938237,1.32833237366268
1.5365077880915,1.74158431308198,1.25708360245138
1.68671237970808,1.93935570613991,1.3504777281244
1.84281727164888,2.09528119861537,1.47623438951822
1.50617547793672,1.69643578921317,1.22452848261256
1.408207466818,1.632940558209,1.21224257117651
1.66298154778846,1.97247140547367,1.35109655926111
1.49489408481703,1.55213007127242,1.14781534646892
1.47829474709237,1.54765012886251,1.14213271562879
1.45380256884109,1.61215462765953,1.1905140025455
1.71592111954765,1.87225180187118,1.28385192836318
1.87284753912175,2.16579568710915,1.43025108200773
1.92490584281937,2.10125932741595,1.40757439614799
2.19302643022834,2.4909198743157,1.6125332277045
1.74157832282571,1.86583497925402,1.2973021700849
1.91371913252616,2.15803338111791,1.44866839194117
1.93308160056718,2.09388178812675,1.41669939215741
2.2098185386851,2.47446261666367,1.62964548386826
1.84269820836403,2.25040855653517,1.45523542967414
1.96468587655555,2.45960820622313,1.55717374229294
1.96741229415173,2.43035140259646,1.54322479947104
1.98188995673734,2.4003008513101,1.57225914917267
2.21378352886109,2.81660098037333,1.71442109355954
2.39718640930523,3.05413021986624,1.86546362934865
2.353016612879,2.99291488202514,1.82855629455921
2.1378754522238,2.76560300721046,1.63258236634343
2.35986354793068,3.06283572714381,1.7947962573784
1.89121041540977,2.45103772247862,1.45550514844467
1.77880285307673,2.26506944180648,1.40062095860482
1.8554295648113,2.44086444871356,1.42208301411868
1.77667280415793,2.31863693486955,1.39152773361566
2.08219766551047,2.73711543040606,1.59121649895072
1.71327350852673,2.28359552009924,1.3092782670099
1.83119204318575,2.41187676975035,1.3870744250935
1.5676902263419,2.1065950396098,1.21678563518277
1.59631654597191,2.0950847977692,1.24691722216141
1.50037006595816,2.05760392242555,1.1654299855581
1.69319795080837,2.30342358082322,1.29226281591215
1.50895405148067,2.10525612804586,1.1807434479746
1.80465058847066,2.54457322432866,1.38115502312141
1.55513544656117,2.0604137854109,1.33216837702581
1.79998145961958,2.58789068927972,1.26127328877856
2.2034442849912,2.88414371035669,1.54326399977273
2.14962716746568,3.1199166802829,1.48634987868277
1.98516876627007,2.95282830014125,1.35517584866345
2.09800859524456,3.04177164256239,1.45060969522511
2.31188351731096,3.32761194660363,1.58714717118639
2.29965896446172,3.60077387859737,1.65686900495486
2.49163796273723,3.84790109178747,1.88745789540945
2.70590587378884,4.32648315727643,1.93281853493574
2.98841168488996,4.69456737591066,2.02417766940353
2.86640121964743,4.47160907909911,1.84600715034153
3.46952818658766,5.43447424437989,2.4238535850283
3.16190223583738,5.10573230127203,2.40063066920606
3.22663135705802,5.22333105875817,2.51201509682618
3.5790361833158,5.74018251894694,2.73676957120082
1.30115668615591,1.78912589696803,1.03714791364486
1.14589358100977,1.55160915382782,0.967775167133949
1.39405292202787,1.91121694023312,1.09334242275434
1.59720660864904,2.17206392203866,1.23308376878042
1.29328017293447,1.76396981638772,1.03986791214465
1.17016917170525,1.56704666102355,0.996865900704922
1.55375755074854,2.05447614137921,1.22001507030417
1.83230138658061,2.34500547051732,1.44185339216389
1.68184097606203,2.1304094761223,1.45892542250602
1.7938520086156,2.26407336662972,1.48719418724885
2.21958239352521,2.5983765589306,1.94749789913357
2.19071237707134,2.67258646618317,1.8213525737085
2.58432094435974,2.98932490643572,2.24300435043076
2.5809995676277,3.03125061951219,2.24942194330316
2.56178082418049,3.01113775469222,2.2125218407687
2.04121440302832,2.38535401047298,1.89544994239172
2.40201829456247,2.70592230378605,2.2956834798286
2.40874591369386,2.67500768002084,2.32852030891151
2.45890720650295,2.71066147580332,2.34648760793434
1.24665569207563,1.74086852583354,1.00364095641366
1.43690875532996,2.00480106340656,1.13328035032712
1.11233545029033,1.5564371775085,0.917399983723066
1.06609995265806,1.43138109648721,0.903341439865525
1.16871742502286,1.67217872844914,0.937557715584514
1.21252458731878,1.72782256789436,0.96340593114621
1.0818783118668,1.50132330049643,0.869337256957995
1.12670805539302,1.52294725474184,0.9319732884503
1.22886588152547,1.70921546001378,0.968057973100519
0.864919492301709,1.11243891900871,0.69606656004978
1.39989818767723,2.0148157163087,1.09522833401643
1.50285910596925,2.11857041384618,1.20667119638412
1.56642033921445,2.25682296142305,1.18567869188371
1.57775187695889,2.25624131304037,1.19372444214338
1.79561716880296,2.56523495938968,1.327661613216
1.88749960270017,2.68093272631888,1.42894824189123
1.99201920367534,2.8606700897296,1.47456118156471
2.053484589809,2.85656855238172,1.51475993130591
2.21095378274787,3.10658863203829,1.67532954118764
2.1553209522774,3.15400410159222,1.68972523060158
2.44927519323682,3.43015821223292,2.12297501312044
2.41936209801561,3.35477667924079,1.99342753749315
2.41976656939431,3.46105187276968,1.90787314988859
2.83163496845658,3.79870950982546,2.46587421918001
2.89007397206776,3.86006112311363,2.34859487314863
1.85127806890457,2.56343920305392,1.33801229430266
1.77579915676145,2.4401521384507,1.29488196830284
2.07800584010073,2.78385389155016,1.49752825146736
2.20077016470185,2.93681949248206,1.60082247873263
2.24351662553439,2.90397881365084,1.6264664284044
2.44858099862191,3.13462768713258,1.849906119187
2.42453001091884,3.22756622961222,1.88098494149107
2.30794845726639,3.16082748426907,1.88583050285349
2.59493735547669,3.35366626824601,2.02051019813638
2.68853999233343,3.67193379958992,2.21808870786154
2.89597965358495,3.8654734151767,2.45824835989003
2.77608074322518,3.76355642870857,2.34297106335543
2.98172099050993,4.13014316907583,2.67199068211272
3.38096317228088,4.52154168103953,3.13014693969965
3.33187398382599,4.5025072933776,3.13962618083
2.13124305788092,2.64654381320067,1.48953691957327
2.23215519983028,2.74034655071634,1.57137879965991
2.00349613403395,2.45767631123904,1.44454127263259
2.01542018539899,2.52668499922751,1.52290109786304
1.96277017686282,2.33815376945353,1.47408098517442
1.96091044215778,2.35378418516622,1.57639111326632
2.29403505781347,2.69612007288885,1.80300467668638
2.39795018103584,2.83523612255632,1.8594900265205
2.30318188573899,2.72146950917012,1.93085790005874
2.60580557630244,3.03947970477198,2.08471003097441
2.93853529093995,3.39532994610893,2.40237774660992
2.97509053379993,3.37018406991268,2.5521011768076
1.70598282628942,2.03397630024103,1.25094269950709
1.72744306476914,2.027122291835,1.31844284348778
1.53346355056573,1.88234551189641,1.07086423261537
1.59146746711452,2.00653672086113,1.12459858576225
1.34876565137966,1.66329865140534,0.907979541055587
1.46710200745973,1.79428998731728,0.983361119361245
1.36498812684183,1.74404059986545,0.902101341301875
1.36097653866028,1.76779027519198,1.00682492046229
1.34129252735904,1.74618446337588,0.957222909604088
1.65829702542714,2.13121664091474,1.05459548468501
1.88258757283856,2.39382537715042,1.28860191766769
1.84664101509423,2.34549282804509,1.35577387378344
1.79285556089843,2.33621428071011,1.33700419708856
2.20897835616603,2.90783241398474,1.72070679990787
2.59670783702706,3.27323941171756,2.13980788448278
2.58324603771535,3.27891632856301,2.15600806375739
2.5789143984247,3.28765989020715,2.17031734011801
1.10304380447466,1.32076783763628,0.776866747369601
1.05149638352294,1.24898120538106,0.837945248821345
1.07196487391216,1.22721160964418,0.713411553995314
1.2336282951261,1.41897607895597,0.814757915596579
0.911249078927718,0.973990521940233,0.605170361257063
0.908448575473491,0.895162557486949,0.660809758172615
1.06495239809243,1.10422168375668,0.665242520805626
1.18442119863503,1.28607076070249,0.712113318190985
1.08313946882786,1.05584294582229,0.699566469868723
1.27989027664578,1.27768221269315,0.840748760583664
0.775566568754312,0.849494159993004,0.501805611999398
0.897999819361078,1.02410435848104,0.599469018601889
0.645549549925555,0.639387739519055,0.448735735234612
0.706891184809231,0.652707226580737,0.546746486423613
0.564362789199683,0.535331526468315,0.389021268195355
0.615957489781608,0.636605541832239,0.411585552640174
0.511299711677075,0.488904668983967,0.457974691866722
0.567238066240453,0.61783236082109,0.536033798399427
0.623382590657264,0.592095631770065,0.551145502091115
0.579445014824194,0.552557410331122,0.530903992463016
0.701144675417024,0.669173963893757,0.427004716008539
0.792233862122972,0.770158869454591,0.509085883493871
0.863130809100301,0.860053043779961,0.519919041853994
0.904675803714866,0.898319833665655,0.568817699493015
1.08043026479433,1.13165559514541,0.669471761417026
1.16405128450751,1.22602925459683,0.744082145532049
1.30140198893729,1.38695035563307,0.792231096379852
1.49683777210831,1.63074232063678,0.982797649432797
1.36272099963401,1.45383634633814,0.863834216293764
1.32279059625547,1.39322197120468,0.854514533835428
1.49920515019829,1.63423096888758,1.00983610891521
1.11331850331496,1.19107333339584,0.739418266074123
1.00776351430676,1.0588626646919,0.714383232564423
1.34719556869516,1.49526260679179,0.929217557687231
1.46228757879734,1.63901616927424,1.02436250364338
1.48771837262209,1.69623853816897,1.0709131254683
1.44310403699179,1.65238081468122,1.09579609175949
1.77105301201112,2.05822697407215,1.32766001871619
2.0366169737499,2.31219896003607,1.66846756575249
1.97127861916486,2.23200581545548,1.593021409254
2.07651175853719,2.39264513279835,1.62097481979815
2.28450962970233,2.5677693009543,1.89952804609593
2.34371759542768,2.58615076331707,1.85768996459419
2.37750652177738,2.77237228236755,2.0143299611139
2.72969217156235,3.0720065194024,2.5304444146709
2.63057843571692,3.08732889245656,2.2947970605481
2.81327940542605,3.18250376583834,2.45571013629194
3.15153949004075,3.51996249692151,2.76863747496615
3.23742281347718,3.49263972142359,2.89952117148438
3.14253394527735,3.53860606392494,2.93140719824083
3.41675167318766,3.76253780253967,3.21776876487595
3.38812712652277,3.79408783025005,3.26154215906283
3.40364652228158,3.77789914788079,3.24324094342069
1.52675449713426,1.72357901741455,1.06911590015807
1.63196404764786,1.8658070661143,1.18662149408137
1.53001846065404,1.66987911812611,1.02758481982194
1.53180410251544,1.66052246575071,1.02685641450683
1.62605944949741,1.7186963447693,1.09009198172116
1.74516989908137,1.87467849047263,1.20714484749656
1.86582483311005,1.98268583977161,1.25074796911984
1.81950135605744,1.92727373690261,1.22203262213992
1.98576079911047,2.06925570106109,1.36365508690486
2.12044881453425,2.33588262264007,1.45116463135725
2.44935917172274,3.12914834127187,1.81905129077987
2.81822692518487,3.66861701227143,2.38826973542487
2.69214393153028,3.48845883662931,2.02058089419015
3.16359651632225,4.25974710065317,2.64035572838372
2.69037526351343,3.08497678654911,1.94511857313065
3.00720738558002,3.4868454274808,2.23092249282689
3.25753724155576,3.70907203211927,2.49043491083717
2.55543789559925,2.38470839400631,2.09701788134601
2.9565084715999,2.58638580627284,2.74770662193471
2.82842372943093,2.7065794672384,2.30008445299178
3.38628260169645,3.01288039785747,3.02949980822689
1.42729506315373,1.40975552956811,0.958602597830106
1.5308148373494,1.44178254152095,1.05462534446942
1.1913339377078,1.16058368409108,0.8058270572808
1.17745401197548,1.19630029669417,0.811584190276769
1.02894678345848,0.925986089308968,0.73014441696115
0.923199363838189,0.831713583196237,0.700870996577631
1.12913211720549,1.0232903140213,0.844262943897591
1.01771601306182,0.88611322640824,0.678415275683735
1.06155911846594,0.906336820086482,0.740518067153637
1.06547705631533,0.993001849064232,0.651150407824625
1.10988979031635,1.06419344111734,0.679979015225389
1.15105459171583,1.14015817157896,0.663908593796562
1.1613299291745,1.14457429794559,0.703248211606101
1.43984856422554,1.4694758693266,0.818397264946064
1.5054169099539,1.55087050982769,0.881350200601966
1.5404620081649,1.63504211108502,0.88470889783352
1.61749291131869,1.59607800726612,0.938068685310014
1.74203436933434,1.68974087996832,1.05537356348069
1.74260009627586,1.71663059092836,1.09688078716404
1.93244303728479,1.84700478112371,1.19435669974517
2.08621260752604,1.98313371451582,1.33706294549085
1.94133430934703,1.86932645884839,1.17633708044942
1.76066686065485,1.74344042128377,1.02935995689956
1.81789127572085,1.87093917902081,1.07672935796569
1.74135783343651,1.86345560653585,1.04072797965314
2.0296250378008,2.08938165759401,1.24099753792006
2.12183630540118,2.25108489949338,1.32890776469111
2.14159029672189,2.05975220487049,1.3313979756185
2.29789017232477,2.18008618678328,1.47384749560681
2.17641864506995,2.16200239493678,1.35407707260893
2.35806293576029,2.34884159470323,1.50707114328109
1.03767508105039,1.09195840142792,0.574887218412689
1.01624587927975,1.05490252639879,0.577760314074661
1.07426776344179,1.20540584541901,0.612264306491266
1.17539258240518,1.30910908499927,0.715333960158744
1.07468654847125,1.28334802681984,0.609538939889398
0.940723593422717,1.11073823513244,0.55835780829494
1.1443144065738,1.44870249036722,0.714396055962638
1.31731150348269,1.65260459191953,0.814134327160758
1.22281680944309,1.57852951054927,0.783569184027282
1.01250100221711,1.29230179864203,0.740469692868259
1.30884934013063,1.55682066844165,0.703831837440726
1.52831625025165,1.8302159984027,0.866010963689563
1.34858869071692,1.5642856916119,0.720965633498661
1.24507025378905,1.40827696644464,0.708536244354319
1.61430932683874,1.85563835986213,0.873873884390346
1.77209072106785,2.0411092442195,1.02617214691749
1.70677246310542,1.92651553426528,0.95805808195883
1.6538736225131,1.90655576411245,0.873179145510902
1.48706767542804,1.71413517784402,0.871062560910038
1.9895751701807,2.25528993499755,1.05720672683036
2.21245146708879,2.46773953410601,1.21640896726884
2.11422159700543,2.39937199355691,1.15317548587085
2.01826331831662,2.24703666325139,1.1644487995552
2.41332365550787,2.79575411036653,1.37382331289453
2.66890953179206,3.25368473486602,1.63960021871124
2.76333394755764,3.15534522888054,1.70198011171321
2.27847534116646,2.76359858045891,1.53503273981714
2.51289436088055,2.97788746809788,1.90531219723407
2.86249081338559,3.25072264102736,2.1548213600891
2.72363556892519,3.44672650391301,2.40211724209263
3.18498807055614,3.93493443869892,2.87174267608882
2.71410536076061,3.7764446936713,2.61557316266803
3.16922791343667,4.5640662850985,3.29043662463213
3.27028342023236,4.77827366969853,3.42374671281095
2.49781209148769,3.30041544773623,2.00157710263056
2.84110423077264,3.71376123121453,2.2696037898923
2.70319961602775,3.8034720776011,2.52029126925691
3.14680043207546,4.51942124327661,3.06888905655468
2.20241356219876,2.52089936432704,1.20975337889299
2.46094292522819,2.6372607976812,1.80732409096104
2.57973877236381,2.59448902815108,1.53465588453486
3.04527074298484,2.56051226016044,2.15199451810011
2.79149721067579,2.80632507670766,1.68374292492768
3.0730118153619,3.02389375400488,2.0149086115738
3.23239214327417,3.06922031703047,2.16330082121975
3.50588193350768,3.1492811162216,2.55293450512021
3.27975482200486,3.44047678775996,2.18128808424402
3.8129444241636,3.2751673578218,2.7977787255447
4.15301380125117,3.09931313276593,3.22201755822694
2.48649700956907,2.64192402664616,1.3709262205589
2.23154179134778,2.38629058974102,1.20860007125024
2.6165110165046,2.86159411943464,1.50761977201146
2.83474708499141,3.09386454054216,1.66811412560511
2.58824993214259,2.84699903828312,1.63895343113017
2.60352512965512,2.72943957164194,1.75640388341553
2.93303230399912,3.22398657861004,1.98094953546217
3.06599138348318,3.41631121423696,2.23708584681885
3.161854238211,3.30224150788808,2.17054244484627
3.15775532800751,3.40524477303883,2.43529577593968
3.51928034218802,3.64415406024639,2.95187330466814
3.44468755151619,3.70371454341886,2.90330580337162
2.41624734033276,2.73867623130546,1.58112241243034
2.37544441150018,2.58784899154461,1.74152624860703
2.43988301513051,2.87004219388846,1.58081453745618
2.57354134964365,3.04068856205501,1.60393462543941
2.4242952443121,2.84187604715585,1.78635213171143
2.58841526021592,2.94968346117619,2.05959127370203
2.68326654063289,3.11016049460017,2.13092570420775
2.81112339589698,2.69578374048397,2.28147133063039
3.03498371601587,3.55661200702655,2.49910428269741
3.06398026138614,3.66806518048613,2.52037782794596
3.54842704571233,4.0821204342076,2.98326082801143
3.449568014665,4.13256765963648,2.97844120667288
2.10006281035694,2.47585373343091,1.55815451708155
2.14360122156027,2.44720355944169,1.80271877964151
1.88493286241652,2.24611881828364,1.228937729656
2.01434948761289,2.36698309342725,1.23532483307375
1.59310326048938,1.90150389514716,1.0749179520343
1.60585876648322,1.9064088937466,1.17463499956811
1.51676573530768,1.81015422390855,1.10248513021009
1.6222110551009,1.92310967189714,1.34353016341707
1.34815245074531,1.58624530912856,1.27124372221067
2.0810580972355,2.16482461022961,1.73567565351041
2.65567910836367,2.40405302007341,2.37134702962617
1.65504016644675,1.96466601820024,1.10262242336261
2.06977406786278,2.24698915850488,1.81584238297624
2.51278138648359,2.47727583591779,2.49723111183266
1.99880972843286,2.27991083457883,1.46884437067882
1.99059448603447,2.20061669091457,1.40507952974782
2.60884818222515,2.51524938135311,2.09533326949418
1.45615054629336,1.69532612361078,0.912771241153358
1.32983170196078,1.51943348149261,0.923849307813422
1.56033810888582,1.7784273685104,0.904500059137294
1.72032018063828,1.98131853851133,1.00577238015663
1.50444712345788,1.61699832681552,0.888998740923816
1.34374216099698,1.39888037487405,0.820430774114585
1.59855735754966,1.66561420836029,0.973326987550191
1.79387122873641,1.92348871721015,1.1045777152134
1.61748687352424,1.58850240730945,1.04144800278928
1.53328126218387,1.63953018726288,0.940412720182814
1.69604966959106,1.81585956637809,1.01201870709289
1.76805563713594,1.83660343524434,1.09738852590177
1.87666132188381,2.06543089100615,1.16613906841534
1.91130658710782,2.13884030899172,1.25733641994466
2.11345103244625,2.32104629054043,1.35586136011065
2.31747198149363,2.52086132764499,1.43424242214276
2.62361654455342,2.75786464693141,1.53754085318016
2.77881481512638,2.98436248677959,1.81717542126498
2.98581713249752,3.08784322226474,1.80949326218257
3.21107919903291,3.18870740421721,1.94399954116556
3.53018137161107,3.53674056969465,2.33064872799018
3.4285098752254,3.33868602343069,2.4555669333333
3.93130918365197,3.7913754643688,2.27767107085387
4.44004470735151,4.26452633111893,2.72544950433307
4.43663516838664,4.23448349219686,2.77178711846578
1.97790845091385,2.19826209699687,1.47384920595257
1.96722974463438,2.2266832961289,2.15480889991434
2.19490231892266,2.33617728312512,1.43985665323631
2.41860357954727,2.51522861992472,1.82949052588379
2.38028971938878,2.49910479074821,1.54112230266759
2.60935327355535,2.69022332469799,1.68733432267683
2.91522358248174,2.98168409177271,1.8046718183544
2.95238268449263,3.08386733955955,1.93742370833794
3.26576770124756,3.21639022256398,2.021069384698
3.6442013553849,3.70345251331498,2.26480908777657
4.18731677386074,4.27560470811921,2.82455030333145
4.16442201609847,4.17579388349402,2.69949252204957
2.16195579332202,2.32477121976081,1.40372813023527
2.27875194155445,2.44343130377001,1.55928814071531
2.01873686305353,2.18439486911478,1.31681794917692
2.10683548739034,2.2207186997975,1.44318911271165
1.91712696146354,2.12618093255164,1.26243668414333
2.01912244085015,2.23305065475864,1.3733450561874
2.06467346741378,2.29943741142303,1.37260616906363
1.62373617629621,1.80372634451932,1.06093039026172
1.57185154633077,1.73845345865688,1.08667143274882
1.50797788518225,1.66522809488368,0.956226739296745
1.64691256577847,1.80548918334297,1.0625726713065
1.28413385490379,1.37769584571016,0.805852258129047
1.22815312211476,1.29740774142088,0.770885848631071
1.32199214527125,1.37806490116451,0.845680492301191
1.61046823453151,1.36922613915453,0.95534930207333
1.8869207186973,2.00559678617572,0.964856984506564
1.58686152543418,1.45381680249046,0.777894504198749
1.23170947127715,1.31269244769457,0.813658028478641
1.41569139914859,1.50674089382036,0.975277017445138
1.07283628751918,1.13895599921333,0.75763924716101
0.986847895416811,1.03912039275766,0.714932202886652
1.13173654058603,1.21719342171912,0.875712138989019
1.31920677641693,1.45987809812021,1.01443472394003
1.10873872648277,1.16892677250652,0.995223950171139
1.05759474575083,1.13730114660671,1.1964042340423
1.25544772052705,1.32537970865828,1.32043465795317
1.25689359166465,1.34443119386137,1.22649554231103
1.59115735116964,1.66506057929246,1.55289363738718
1.41009819064746,1.50877602016964,1.67399550322775
1.8842315309903,1.47349489653004,1.9235716919465
2.12130611362226,1.7227959086749,2.27490922449532
2.55103758014214,1.61833392963581,2.66941288978152
2.48948133904927,1.59997872661793,2.68236873025435
3.20881932637881,1.90094250060685,3.37401715077541
1.13401431133625,1.19662675297252,0.885268018038859
1.41440569772865,1.48308126257805,1.15038809714959
0.986374520077396,1.0106640634878,0.775115787850099
0.9532287420811,0.950247123505876,0.795144023601263
1.07761879866777,1.0919621717271,0.86281475535404
1.25749353071446,1.28590534206912,0.968633989960878
1.17433696408407,1.23432702554999,1.00942833256231
1.57681646007204,1.43464057882393,1.46837243719016
1.43086426287654,1.55797104000163,1.42354470805818
1.23524873756259,1.44180408629658,1.422575569302
1.6567281327077,1.77579333298364,1.94686710701552
1.02815515977754,0.979716837463167,0.839624083539084
0.930183088650922,0.859572686045276,0.790256962324789
1.21067144801534,1.15000729083835,0.97257181812789
1.3640358794918,1.32573117645025,1.0825879921799
1.29193906425553,1.20106021806908,1.05804219419097
1.4699938876104,1.35719507517227,1.18562770533923
1.33049248290015,1.34442947177469,1.15643032970663
1.23062390010984,1.29131099033127,1.10908823002815
1.48300720581683,1.49271418651196,1.29790355781448
1.54334428664074,1.63628074679781,1.37620592540208
1.87083069561588,1.93654242124655,1.63951205333701
1.97439058849169,2.03308826876628,1.90135326681401
1.95881723525229,2.09851278075837,1.97524339931104
2.43065179108488,2.64895590281387,2.54506950263186
2.57567144101615,2.66800244925043,2.67446526458446
2.7174928642044,2.82082266164184,2.80983028689673
3.2050814464186,3.28914390069341,3.37595922991905
1.30281697592902,1.16047932234438,1.05088765400777
1.39749623495565,1.32758554547172,1.15810509989826
1.35494955983248,1.16894319059586,1.04904583581249
1.41799285166901,1.25279038511392,1.09051458291582
1.45214623930994,1.27965332701717,1.09332115543833
1.55574456480349,1.43001748068214,1.08287622294735
1.60326227390805,1.51051954477617,1.08481747977156
2.16864904967286,2.03837402212866,1.22367114202445
1.91325785291579,1.75596823121392,1.18310484814122
1.42020750616842,1.37099435130492,0.91765741676317
1.75593076813856,1.47273070385545,1.32010886231142
2.07017651492138,1.73483460309483,1.51295403883599
1.9289574723366,1.80876747366323,1.44534794496263
1.91124137740086,2.06631791282139,1.46658680307578
2.35722410694816,2.1621990463326,1.6992297983563
2.5381153639723,2.10079385456834,1.81744188461738
2.65962317700074,2.72920624278595,1.92027057880411
2.78144818468665,3.12273770044279,2.03186138821692
2.93078788964763,3.01377983098369,2.14101165084461
2.98481972200222,2.98680003669084,2.14469322230131
3.36697831476298,3.41229834109954,2.55929642648926
3.43151047599883,3.38934218075603,2.56874063736135
2.67380560971192,2.68410705200479,1.92167436920389
3.08990040426068,3.18446256664027,2.3289564705185
3.05648993951961,3.17029461175777,2.33790412605138
